Gene stable ID,Gene stable ID version,Transcript stable ID,Transcript stable ID version,Olive baboon gene name,Olive baboon gene stable ID,Last common ancestor with Olive baboon,Olive baboon homology type,%id. target Olive baboon gene identical to query gene,%id. query gene identical to target Olive baboon gene,Olive baboon Gene-order conservation score,Olive baboon Whole-genome alignment coverage,"Olive baboon orthology confidence [0 low, 1 high]"
ENSG00000004838,ENSG00000004838.14,ENST00000490675,ENST00000490675.5,ZMYND10,ENSPANG00000012439,Catarrhini,ortholog_one2one,98.4091,98.4091,100,100,1
ENSG00000004838,ENSG00000004838.14,ENST00000231749,ENST00000231749.8,ZMYND10,ENSPANG00000012439,Catarrhini,ortholog_one2one,98.4091,98.4091,100,100,1
ENSG00000004838,ENSG00000004838.14,ENST00000360165,ENST00000360165.7,ZMYND10,ENSPANG00000012439,Catarrhini,ortholog_one2one,98.4091,98.4091,100,100,1
ENSG00000004838,ENSG00000004838.14,ENST00000475688,ENST00000475688.1,ZMYND10,ENSPANG00000012439,Catarrhini,ortholog_one2one,98.4091,98.4091,100,100,1
ENSG00000004838,ENSG00000004838.14,ENST00000442887,ENST00000442887.1,ZMYND10,ENSPANG00000012439,Catarrhini,ortholog_one2one,98.4091,98.4091,100,100,1
ENSG00000004838,ENSG00000004838.14,ENST00000443080,ENST00000443080.5,ZMYND10,ENSPANG00000012439,Catarrhini,ortholog_one2one,98.4091,98.4091,100,100,1
ENSG00000004838,ENSG00000004838.14,ENST00000478269,ENST00000478269.5,ZMYND10,ENSPANG00000012439,Catarrhini,ortholog_one2one,98.4091,98.4091,100,100,1
ENSG00000004838,ENSG00000004838.14,ENST00000431869,ENST00000431869.1,ZMYND10,ENSPANG00000012439,Catarrhini,ortholog_one2one,98.4091,98.4091,100,100,1
ENSG00000004838,ENSG00000004838.14,ENST00000468182,ENST00000468182.1,ZMYND10,ENSPANG00000012439,Catarrhini,ortholog_one2one,98.4091,98.4091,100,100,1
ENSG00000007174,ENSG00000007174.18,ENST00000579828,ENST00000579828.5,DNAH9,ENSPANG00000023767,Catarrhini,ortholog_one2one,95.6531,95.8454,100,100,1
ENSG00000007174,ENSG00000007174.18,ENST00000262442,ENST00000262442.9,DNAH9,ENSPANG00000023767,Catarrhini,ortholog_one2one,95.6531,95.8454,100,100,1
ENSG00000007174,ENSG00000007174.18,ENST00000579406,ENST00000579406.1,DNAH9,ENSPANG00000023767,Catarrhini,ortholog_one2one,95.6531,95.8454,100,100,1
ENSG00000007174,ENSG00000007174.18,ENST00000454412,ENST00000454412.6,DNAH9,ENSPANG00000023767,Catarrhini,ortholog_one2one,95.6531,95.8454,100,100,1
ENSG00000007174,ENSG00000007174.18,ENST00000579602,ENST00000579602.1,DNAH9,ENSPANG00000023767,Catarrhini,ortholog_one2one,95.6531,95.8454,100,100,1
ENSG00000007174,ENSG00000007174.18,ENST00000579813,ENST00000579813.1,DNAH9,ENSPANG00000023767,Catarrhini,ortholog_one2one,95.6531,95.8454,100,100,1
ENSG00000007174,ENSG00000007174.18,ENST00000585197,ENST00000585197.1,DNAH9,ENSPANG00000023767,Catarrhini,ortholog_one2one,95.6531,95.8454,100,100,1
ENSG00000007174,ENSG00000007174.18,ENST00000583192,ENST00000583192.1,DNAH9,ENSPANG00000023767,Catarrhini,ortholog_one2one,95.6531,95.8454,100,100,1
ENSG00000007174,ENSG00000007174.18,ENST00000584663,ENST00000584663.1,DNAH9,ENSPANG00000023767,Catarrhini,ortholog_one2one,95.6531,95.8454,100,100,1
ENSG00000007174,ENSG00000007174.18,ENST00000578834,ENST00000578834.1,DNAH9,ENSPANG00000023767,Catarrhini,ortholog_one2one,95.6531,95.8454,100,100,1
ENSG00000007174,ENSG00000007174.18,ENST00000579703,ENST00000579703.1,DNAH9,ENSPANG00000023767,Catarrhini,ortholog_one2one,95.6531,95.8454,100,100,1
ENSG00000007174,ENSG00000007174.18,ENST00000580255,ENST00000580255.1,DNAH9,ENSPANG00000023767,Catarrhini,ortholog_one2one,95.6531,95.8454,100,100,1
ENSG00000007174,ENSG00000007174.18,ENST00000608377,ENST00000608377.5,DNAH9,ENSPANG00000023767,Catarrhini,ortholog_one2one,95.6531,95.8454,100,100,1
ENSG00000007174,ENSG00000007174.18,ENST00000396001,ENST00000396001.6,DNAH9,ENSPANG00000023767,Catarrhini,ortholog_one2one,95.6531,95.8454,100,100,1
ENSG00000007174,ENSG00000007174.18,ENST00000581682,ENST00000581682.1,DNAH9,ENSPANG00000023767,Catarrhini,ortholog_one2one,95.6531,95.8454,100,100,1
ENSG00000008710,ENSG00000008710.20,ENST00000262304,ENST00000262304.9,PKD1,ENSPANG00000013807,Catarrhini,ortholog_one2one,94.2133,94.3449,100,100,1
ENSG00000008710,ENSG00000008710.20,ENST00000423118,ENST00000423118.5,PKD1,ENSPANG00000013807,Catarrhini,ortholog_one2one,94.2133,94.3449,100,100,1
ENSG00000008710,ENSG00000008710.20,ENST00000472577,ENST00000472577.1,PKD1,ENSPANG00000013807,Catarrhini,ortholog_one2one,94.2133,94.3449,100,100,1
ENSG00000008710,ENSG00000008710.20,ENST00000564313,ENST00000564313.1,PKD1,ENSPANG00000013807,Catarrhini,ortholog_one2one,94.2133,94.3449,100,100,1
ENSG00000008710,ENSG00000008710.20,ENST00000561668,ENST00000561668.5,PKD1,ENSPANG00000013807,Catarrhini,ortholog_one2one,94.2133,94.3449,100,100,1
ENSG00000008710,ENSG00000008710.20,ENST00000487932,ENST00000487932.5,PKD1,ENSPANG00000013807,Catarrhini,ortholog_one2one,94.2133,94.3449,100,100,1
ENSG00000008710,ENSG00000008710.20,ENST00000485120,ENST00000485120.1,PKD1,ENSPANG00000013807,Catarrhini,ortholog_one2one,94.2133,94.3449,100,100,1
ENSG00000008710,ENSG00000008710.20,ENST00000562425,ENST00000562425.1,PKD1,ENSPANG00000013807,Catarrhini,ortholog_one2one,94.2133,94.3449,100,100,1
ENSG00000008710,ENSG00000008710.20,ENST00000567355,ENST00000567355.1,PKD1,ENSPANG00000013807,Catarrhini,ortholog_one2one,94.2133,94.3449,100,100,1
ENSG00000008710,ENSG00000008710.20,ENST00000472659,ENST00000472659.1,PKD1,ENSPANG00000013807,Catarrhini,ortholog_one2one,94.2133,94.3449,100,100,1
ENSG00000008710,ENSG00000008710.20,ENST00000568796,ENST00000568796.1,PKD1,ENSPANG00000013807,Catarrhini,ortholog_one2one,94.2133,94.3449,100,100,1
ENSG00000008710,ENSG00000008710.20,ENST00000570253,ENST00000570253.5,PKD1,ENSPANG00000013807,Catarrhini,ortholog_one2one,94.2133,94.3449,100,100,1
ENSG00000008710,ENSG00000008710.20,ENST00000562297,ENST00000562297.5,PKD1,ENSPANG00000013807,Catarrhini,ortholog_one2one,94.2133,94.3449,100,100,1
ENSG00000008710,ENSG00000008710.20,ENST00000567946,ENST00000567946.1,PKD1,ENSPANG00000013807,Catarrhini,ortholog_one2one,94.2133,94.3449,100,100,1
ENSG00000008710,ENSG00000008710.20,ENST00000486339,ENST00000486339.6,PKD1,ENSPANG00000013807,Catarrhini,ortholog_one2one,94.2133,94.3449,100,100,1
ENSG00000008710,ENSG00000008710.20,ENST00000415938,ENST00000415938.7,PKD1,ENSPANG00000013807,Catarrhini,ortholog_one2one,94.2133,94.3449,100,100,1
ENSG00000008710,ENSG00000008710.20,ENST00000483731,ENST00000483731.5,PKD1,ENSPANG00000013807,Catarrhini,ortholog_one2one,94.2133,94.3449,100,100,1
ENSG00000008710,ENSG00000008710.20,ENST00000566905,ENST00000566905.5,PKD1,ENSPANG00000013807,Catarrhini,ortholog_one2one,94.2133,94.3449,100,100,1
ENSG00000008710,ENSG00000008710.20,ENST00000496574,ENST00000496574.6,PKD1,ENSPANG00000013807,Catarrhini,ortholog_one2one,94.2133,94.3449,100,100,1
ENSG00000008710,ENSG00000008710.20,ENST00000566784,ENST00000566784.5,PKD1,ENSPANG00000013807,Catarrhini,ortholog_one2one,94.2133,94.3449,100,100,1
ENSG00000008710,ENSG00000008710.20,ENST00000471603,ENST00000471603.6,PKD1,ENSPANG00000013807,Catarrhini,ortholog_one2one,94.2133,94.3449,100,100,1
ENSG00000008710,ENSG00000008710.20,ENST00000480227,ENST00000480227.5,PKD1,ENSPANG00000013807,Catarrhini,ortholog_one2one,94.2133,94.3449,100,100,1
ENSG00000008710,ENSG00000008710.20,ENST00000570193,ENST00000570193.5,PKD1,ENSPANG00000013807,Catarrhini,ortholog_one2one,94.2133,94.3449,100,100,1
ENSG00000008710,ENSG00000008710.20,ENST00000469851,ENST00000469851.1,PKD1,ENSPANG00000013807,Catarrhini,ortholog_one2one,94.2133,94.3449,100,100,1
ENSG00000008710,ENSG00000008710.20,ENST00000483814,ENST00000483814.1,PKD1,ENSPANG00000013807,Catarrhini,ortholog_one2one,94.2133,94.3449,100,100,1
ENSG00000008710,ENSG00000008710.20,ENST00000474088,ENST00000474088.1,PKD1,ENSPANG00000013807,Catarrhini,ortholog_one2one,94.2133,94.3449,100,100,1
ENSG00000008710,ENSG00000008710.20,ENST00000475889,ENST00000475889.1,PKD1,ENSPANG00000013807,Catarrhini,ortholog_one2one,94.2133,94.3449,100,100,1
ENSG00000008710,ENSG00000008710.20,ENST00000561991,ENST00000561991.5,PKD1,ENSPANG00000013807,Catarrhini,ortholog_one2one,94.2133,94.3449,100,100,1
ENSG00000008710,ENSG00000008710.20,ENST00000565639,ENST00000565639.6,PKD1,ENSPANG00000013807,Catarrhini,ortholog_one2one,94.2133,94.3449,100,100,1
ENSG00000008710,ENSG00000008710.20,ENST00000564865,ENST00000564865.5,PKD1,ENSPANG00000013807,Catarrhini,ortholog_one2one,94.2133,94.3449,100,100,1
ENSG00000008710,ENSG00000008710.20,ENST00000564890,ENST00000564890.1,PKD1,ENSPANG00000013807,Catarrhini,ortholog_one2one,94.2133,94.3449,100,100,1
ENSG00000008710,ENSG00000008710.20,ENST00000483558,ENST00000483558.5,PKD1,ENSPANG00000013807,Catarrhini,ortholog_one2one,94.2133,94.3449,100,100,1
ENSG00000008710,ENSG00000008710.20,ENST00000568591,ENST00000568591.5,PKD1,ENSPANG00000013807,Catarrhini,ortholog_one2one,94.2133,94.3449,100,100,1
ENSG00000008710,ENSG00000008710.20,ENST00000569983,ENST00000569983.5,PKD1,ENSPANG00000013807,Catarrhini,ortholog_one2one,94.2133,94.3449,100,100,1
ENSG00000008710,ENSG00000008710.20,ENST00000483024,ENST00000483024.1,PKD1,ENSPANG00000013807,Catarrhini,ortholog_one2one,94.2133,94.3449,100,100,1
ENSG00000008710,ENSG00000008710.20,ENST00000488185,ENST00000488185.2,PKD1,ENSPANG00000013807,Catarrhini,ortholog_one2one,94.2133,94.3449,100,100,1
ENSG00000008710,ENSG00000008710.20,ENST00000473780,ENST00000473780.2,PKD1,ENSPANG00000013807,Catarrhini,ortholog_one2one,94.2133,94.3449,100,100,1
ENSG00000008710,ENSG00000008710.20,ENST00000468674,ENST00000468674.5,PKD1,ENSPANG00000013807,Catarrhini,ortholog_one2one,94.2133,94.3449,100,100,1
ENSG00000008710,ENSG00000008710.20,ENST00000469241,ENST00000469241.2,PKD1,ENSPANG00000013807,Catarrhini,ortholog_one2one,94.2133,94.3449,100,100,1
ENSG00000008710,ENSG00000008710.20,ENST00000570150,ENST00000570150.1,PKD1,ENSPANG00000013807,Catarrhini,ortholog_one2one,94.2133,94.3449,100,100,1
ENSG00000039139,ENSG00000039139.11,ENST00000265104,ENST00000265104.5,,ENSPANG00000035810,Catarrhini,ortholog_one2one,10.2509,97.1311,100,96.41,0
ENSG00000039139,ENSG00000039139.11,ENST00000681290,ENST00000681290.1,,ENSPANG00000035810,Catarrhini,ortholog_one2one,10.2509,97.1311,100,96.41,0
ENSG00000039139,ENSG00000039139.11,ENST00000683611,ENST00000683611.1,,ENSPANG00000035810,Catarrhini,ortholog_one2one,10.2509,97.1311,100,96.41,0
ENSG00000039139,ENSG00000039139.11,ENST00000504001,ENST00000504001.3,,ENSPANG00000035810,Catarrhini,ortholog_one2one,10.2509,97.1311,100,96.41,0
ENSG00000039139,ENSG00000039139.11,ENST00000512443,ENST00000512443.1,,ENSPANG00000035810,Catarrhini,ortholog_one2one,10.2509,97.1311,100,96.41,0
ENSG00000039139,ENSG00000039139.11,ENST00000683090,ENST00000683090.1,,ENSPANG00000035810,Catarrhini,ortholog_one2one,10.2509,97.1311,100,96.41,0
ENSG00000039139,ENSG00000039139.11,ENST00000684099,ENST00000684099.1,,ENSPANG00000035810,Catarrhini,ortholog_one2one,10.2509,97.1311,100,96.41,0
ENSG00000039139,ENSG00000039139.11,ENST00000680213,ENST00000680213.2,,ENSPANG00000035810,Catarrhini,ortholog_one2one,10.2509,97.1311,100,96.41,0
ENSG00000039139,ENSG00000039139.11,ENST00000508040,ENST00000508040.1,,ENSPANG00000035810,Catarrhini,ortholog_one2one,10.2509,97.1311,100,96.41,0
ENSG00000039139,ENSG00000039139.11,ENST00000684013,ENST00000684013.1,,ENSPANG00000035810,Catarrhini,ortholog_one2one,10.2509,97.1311,100,96.41,0
ENSG00000039139,ENSG00000039139.11,ENST00000683011,ENST00000683011.1,,ENSPANG00000035810,Catarrhini,ortholog_one2one,10.2509,97.1311,100,96.41,0
ENSG00000039139,ENSG00000039139.11,ENST00000683967,ENST00000683967.1,,ENSPANG00000035810,Catarrhini,ortholog_one2one,10.2509,97.1311,100,96.41,0
ENSG00000039139,ENSG00000039139.11,ENST00000682376,ENST00000682376.1,,ENSPANG00000035810,Catarrhini,ortholog_one2one,10.2509,97.1311,100,96.41,0
ENSG00000039139,ENSG00000039139.11,ENST00000682586,ENST00000682586.1,,ENSPANG00000035810,Catarrhini,ortholog_one2one,10.2509,97.1311,100,96.41,0
ENSG00000077327,ENSG00000077327.16,ENST00000376624,ENST00000376624.8,SPAG6,ENSPANG00000023098,Catarrhini,ortholog_one2one,97.8389,97.8389,100,100,1
ENSG00000077327,ENSG00000077327.16,ENST00000456231,ENST00000456231.6,SPAG6,ENSPANG00000023098,Catarrhini,ortholog_one2one,97.8389,97.8389,100,100,1
ENSG00000077327,ENSG00000077327.16,ENST00000488555,ENST00000488555.5,SPAG6,ENSPANG00000023098,Catarrhini,ortholog_one2one,97.8389,97.8389,100,100,1
ENSG00000077327,ENSG00000077327.16,ENST00000313311,ENST00000313311.10,SPAG6,ENSPANG00000023098,Catarrhini,ortholog_one2one,97.8389,97.8389,100,100,1
ENSG00000077327,ENSG00000077327.16,ENST00000435326,ENST00000435326.5,SPAG6,ENSPANG00000023098,Catarrhini,ortholog_one2one,97.8389,97.8389,100,100,1
ENSG00000077327,ENSG00000077327.16,ENST00000490361,ENST00000490361.5,SPAG6,ENSPANG00000023098,Catarrhini,ortholog_one2one,97.8389,97.8389,100,100,1
ENSG00000077327,ENSG00000077327.16,ENST00000487973,ENST00000487973.1,SPAG6,ENSPANG00000023098,Catarrhini,ortholog_one2one,97.8389,97.8389,100,100,1
ENSG00000077327,ENSG00000077327.16,ENST00000538630,ENST00000538630.2,SPAG6,ENSPANG00000023098,Catarrhini,ortholog_one2one,97.8389,97.8389,100,100,1
ENSG00000077327,ENSG00000077327.16,ENST00000376603,ENST00000376603.6,SPAG6,ENSPANG00000023098,Catarrhini,ortholog_one2one,97.8389,97.8389,100,100,1
ENSG00000080572,ENSG00000080572.13,ENST00000372453,ENST00000372453.8,DNAAF6,ENSPANG00000002301,Catarrhini,ortholog_one2one,91.5888,93.7799,100,100,1
ENSG00000080572,ENSG00000080572.13,ENST00000673764,ENST00000673764.1,DNAAF6,ENSPANG00000002301,Catarrhini,ortholog_one2one,91.5888,93.7799,100,100,1
ENSG00000080572,ENSG00000080572.13,ENST00000336387,ENST00000336387.4,DNAAF6,ENSPANG00000002301,Catarrhini,ortholog_one2one,91.5888,93.7799,100,100,1
ENSG00000080572,ENSG00000080572.13,ENST00000535523,ENST00000535523.5,DNAAF6,ENSPANG00000002301,Catarrhini,ortholog_one2one,91.5888,93.7799,100,100,1
ENSG00000102931,ENSG00000102931.8,ENST00000565794,ENST00000565794.1,ARL2BP,ENSPANG00000018652,Catarrhini,ortholog_one2one,96.9325,96.9325,100,100,1
ENSG00000102931,ENSG00000102931.8,ENST00000219204,ENST00000219204.8,ARL2BP,ENSPANG00000018652,Catarrhini,ortholog_one2one,96.9325,96.9325,100,100,1
ENSG00000102931,ENSG00000102931.8,ENST00000562023,ENST00000562023.5,ARL2BP,ENSPANG00000018652,Catarrhini,ortholog_one2one,96.9325,96.9325,100,100,1
ENSG00000102931,ENSG00000102931.8,ENST00000563234,ENST00000563234.1,ARL2BP,ENSPANG00000018652,Catarrhini,ortholog_one2one,96.9325,96.9325,100,100,1
ENSG00000105321,ENSG00000105321.14,ENST00000601154,ENST00000601154.1,CCDC9,ENSPANG00000014927,Catarrhini,ortholog_one2one,95.1036,95.4631,100,100,1
ENSG00000105321,ENSG00000105321.14,ENST00000221922,ENST00000221922.11,CCDC9,ENSPANG00000014927,Catarrhini,ortholog_one2one,95.1036,95.4631,100,100,1
ENSG00000105321,ENSG00000105321.14,ENST00000643617,ENST00000643617.1,CCDC9,ENSPANG00000014927,Catarrhini,ortholog_one2one,95.1036,95.4631,100,100,1
ENSG00000105321,ENSG00000105321.14,ENST00000599398,ENST00000599398.5,CCDC9,ENSPANG00000014927,Catarrhini,ortholog_one2one,95.1036,95.4631,100,100,1
ENSG00000105321,ENSG00000105321.14,ENST00000595659,ENST00000595659.5,CCDC9,ENSPANG00000014927,Catarrhini,ortholog_one2one,95.1036,95.4631,100,100,1
ENSG00000105321,ENSG00000105321.14,ENST00000596938,ENST00000596938.1,CCDC9,ENSPANG00000014927,Catarrhini,ortholog_one2one,95.1036,95.4631,100,100,1
ENSG00000105321,ENSG00000105321.14,ENST00000600117,ENST00000600117.1,CCDC9,ENSPANG00000014927,Catarrhini,ortholog_one2one,95.1036,95.4631,100,100,1
ENSG00000105792,ENSG00000105792.19,ENST00000389297,ENST00000389297.8,CFAP69,ENSPANG00000021186,Catarrhini,ortholog_one2one,96.7056,96.7056,75,100,1
ENSG00000105792,ENSG00000105792.19,ENST00000485791,ENST00000485791.5,CFAP69,ENSPANG00000021186,Catarrhini,ortholog_one2one,96.7056,96.7056,75,100,1
ENSG00000105792,ENSG00000105792.19,ENST00000427396,ENST00000427396.5,CFAP69,ENSPANG00000021186,Catarrhini,ortholog_one2one,96.7056,96.7056,75,100,1
ENSG00000105792,ENSG00000105792.19,ENST00000451029,ENST00000451029.5,CFAP69,ENSPANG00000021186,Catarrhini,ortholog_one2one,96.7056,96.7056,75,100,1
ENSG00000105792,ENSG00000105792.19,ENST00000497910,ENST00000497910.5,CFAP69,ENSPANG00000021186,Catarrhini,ortholog_one2one,96.7056,96.7056,75,100,1
ENSG00000105792,ENSG00000105792.19,ENST00000463311,ENST00000463311.1,CFAP69,ENSPANG00000021186,Catarrhini,ortholog_one2one,96.7056,96.7056,75,100,1
ENSG00000105792,ENSG00000105792.19,ENST00000457170,ENST00000457170.6,CFAP69,ENSPANG00000021186,Catarrhini,ortholog_one2one,96.7056,96.7056,75,100,1
ENSG00000105792,ENSG00000105792.19,ENST00000418199,ENST00000418199.1,CFAP69,ENSPANG00000021186,Catarrhini,ortholog_one2one,96.7056,96.7056,75,100,1
ENSG00000105792,ENSG00000105792.19,ENST00000475031,ENST00000475031.5,CFAP69,ENSPANG00000021186,Catarrhini,ortholog_one2one,96.7056,96.7056,75,100,1
ENSG00000105792,ENSG00000105792.19,ENST00000449577,ENST00000449577.5,CFAP69,ENSPANG00000021186,Catarrhini,ortholog_one2one,96.7056,96.7056,75,100,1
ENSG00000105792,ENSG00000105792.19,ENST00000491886,ENST00000491886.1,CFAP69,ENSPANG00000021186,Catarrhini,ortholog_one2one,96.7056,96.7056,75,100,1
ENSG00000105792,ENSG00000105792.19,ENST00000412839,ENST00000412839.5,CFAP69,ENSPANG00000021186,Catarrhini,ortholog_one2one,96.7056,96.7056,75,100,1
ENSG00000105792,ENSG00000105792.19,ENST00000445156,ENST00000445156.1,CFAP69,ENSPANG00000021186,Catarrhini,ortholog_one2one,96.7056,96.7056,75,100,1
ENSG00000106648,ENSG00000106648.14,ENST00000431418,ENST00000431418.6,GALNTL5,ENSPANG00000008930,Catarrhini,ortholog_one2one,93.0023,93.0023,100,100,1
ENSG00000106648,ENSG00000106648.14,ENST00000392800,ENST00000392800.7,GALNTL5,ENSPANG00000008930,Catarrhini,ortholog_one2one,93.0023,93.0023,100,100,1
ENSG00000106648,ENSG00000106648.14,ENST00000416062,ENST00000416062.5,GALNTL5,ENSPANG00000008930,Catarrhini,ortholog_one2one,93.0023,93.0023,100,100,1
ENSG00000106648,ENSG00000106648.14,ENST00000448366,ENST00000448366.6,GALNTL5,ENSPANG00000008930,Catarrhini,ortholog_one2one,93.0023,93.0023,100,100,1
ENSG00000106648,ENSG00000106648.14,ENST00000426341,ENST00000426341.6,GALNTL5,ENSPANG00000008930,Catarrhini,ortholog_one2one,93.0023,93.0023,100,100,1
ENSG00000106648,ENSG00000106648.14,ENST00000416269,ENST00000416269.6,GALNTL5,ENSPANG00000008930,Catarrhini,ortholog_one2one,93.0023,93.0023,100,100,1
ENSG00000106648,ENSG00000106648.14,ENST00000414073,ENST00000414073.6,GALNTL5,ENSPANG00000008930,Catarrhini,ortholog_one2one,93.0023,93.0023,100,100,1
ENSG00000106648,ENSG00000106648.14,ENST00000482845,ENST00000482845.2,GALNTL5,ENSPANG00000008930,Catarrhini,ortholog_one2one,93.0023,93.0023,100,100,1
ENSG00000106648,ENSG00000106648.14,ENST00000468278,ENST00000468278.1,GALNTL5,ENSPANG00000008930,Catarrhini,ortholog_one2one,93.0023,93.0023,100,100,1
ENSG00000106648,ENSG00000106648.14,ENST00000483959,ENST00000483959.1,GALNTL5,ENSPANG00000008930,Catarrhini,ortholog_one2one,93.0023,93.0023,100,100,1
ENSG00000106648,ENSG00000106648.14,ENST00000616416,ENST00000616416.4,GALNTL5,ENSPANG00000008930,Catarrhini,ortholog_one2one,93.0023,93.0023,100,100,1
ENSG00000111254,ENSG00000111254.8,ENST00000545990,ENST00000545990.6,AKAP3,ENSPANG00000002246,Catarrhini,ortholog_one2one,94.1383,93.699,100,100,1
ENSG00000111254,ENSG00000111254.8,ENST00000540967,ENST00000540967.5,AKAP3,ENSPANG00000002246,Catarrhini,ortholog_one2one,94.1383,93.699,100,100,1
ENSG00000111254,ENSG00000111254.8,ENST00000536414,ENST00000536414.3,AKAP3,ENSPANG00000002246,Catarrhini,ortholog_one2one,94.1383,93.699,100,100,1
ENSG00000111254,ENSG00000111254.8,ENST00000541484,ENST00000541484.1,AKAP3,ENSPANG00000002246,Catarrhini,ortholog_one2one,94.1383,93.699,100,100,1
ENSG00000111254,ENSG00000111254.8,ENST00000544636,ENST00000544636.1,AKAP3,ENSPANG00000002246,Catarrhini,ortholog_one2one,94.1383,93.699,100,100,1
ENSG00000111254,ENSG00000111254.8,ENST00000228850,ENST00000228850.6,AKAP3,ENSPANG00000002246,Catarrhini,ortholog_one2one,94.1383,93.699,100,100,1
ENSG00000111834,ENSG00000111834.13,ENST00000229554,ENST00000229554.10,RSPH4A,ENSPANG00000006886,Catarrhini,ortholog_one2one,96.0894,95.6885,100,100,1
ENSG00000111834,ENSG00000111834.13,ENST00000368580,ENST00000368580.4,RSPH4A,ENSPANG00000006886,Catarrhini,ortholog_one2one,96.0894,95.6885,100,100,1
ENSG00000111834,ENSG00000111834.13,ENST00000368581,ENST00000368581.8,RSPH4A,ENSPANG00000006886,Catarrhini,ortholog_one2one,96.0894,95.6885,100,100,1
ENSG00000112053,ENSG00000112053.14,ENST00000490799,ENST00000490799.6,SLC26A8,ENSPANG00000018480,Catarrhini,ortholog_one2one,94.6392,94.8347,100,100,1
ENSG00000112053,ENSG00000112053.14,ENST00000466805,ENST00000466805.5,SLC26A8,ENSPANG00000018480,Catarrhini,ortholog_one2one,94.6392,94.8347,100,100,1
ENSG00000112053,ENSG00000112053.14,ENST00000394602,ENST00000394602.6,SLC26A8,ENSPANG00000018480,Catarrhini,ortholog_one2one,94.6392,94.8347,100,100,1
ENSG00000112053,ENSG00000112053.14,ENST00000355574,ENST00000355574.6,SLC26A8,ENSPANG00000018480,Catarrhini,ortholog_one2one,94.6392,94.8347,100,100,1
ENSG00000112053,ENSG00000112053.14,ENST00000465492,ENST00000465492.1,SLC26A8,ENSPANG00000018480,Catarrhini,ortholog_one2one,94.6392,94.8347,100,100,1
ENSG00000112053,ENSG00000112053.14,ENST00000486155,ENST00000486155.1,SLC26A8,ENSPANG00000018480,Catarrhini,ortholog_one2one,94.6392,94.8347,100,100,1
ENSG00000112053,ENSG00000112053.14,ENST00000469847,ENST00000469847.5,SLC26A8,ENSPANG00000018480,Catarrhini,ortholog_one2one,94.6392,94.8347,100,100,1
ENSG00000112053,ENSG00000112053.14,ENST00000480663,ENST00000480663.1,SLC26A8,ENSPANG00000018480,Catarrhini,ortholog_one2one,94.6392,94.8347,100,100,1
ENSG00000114841,ENSG00000114841.18,ENST00000486752,ENST00000486752.5,DNAH1,ENSPANG00000004618,Catarrhini,ortholog_one2one,97.3974,97.6263,100,100,1
ENSG00000114841,ENSG00000114841.18,ENST00000420323,ENST00000420323.7,DNAH1,ENSPANG00000004618,Catarrhini,ortholog_one2one,97.3974,97.6263,100,100,1
ENSG00000114841,ENSG00000114841.18,ENST00000497875,ENST00000497875.1,DNAH1,ENSPANG00000004618,Catarrhini,ortholog_one2one,97.3974,97.6263,100,100,1
ENSG00000114841,ENSG00000114841.18,ENST00000466628,ENST00000466628.1,DNAH1,ENSPANG00000004618,Catarrhini,ortholog_one2one,97.3974,97.6263,100,100,1
ENSG00000114841,ENSG00000114841.18,ENST00000488988,ENST00000488988.5,DNAH1,ENSPANG00000004618,Catarrhini,ortholog_one2one,97.3974,97.6263,100,100,1
ENSG00000114841,ENSG00000114841.18,ENST00000490713,ENST00000490713.5,DNAH1,ENSPANG00000004618,Catarrhini,ortholog_one2one,97.3974,97.6263,100,100,1
ENSG00000114841,ENSG00000114841.18,ENST00000480649,ENST00000480649.1,DNAH1,ENSPANG00000004618,Catarrhini,ortholog_one2one,97.3974,97.6263,100,100,1
ENSG00000114841,ENSG00000114841.18,ENST00000487254,ENST00000487254.1,DNAH1,ENSPANG00000004618,Catarrhini,ortholog_one2one,97.3974,97.6263,100,100,1
ENSG00000114867,ENSG00000114867.22,ENST00000352767,ENST00000352767.7,EIF4G1,ENSPANG00000009907,Catarrhini,ortholog_one2one,98.6241,98.2555,100,100,1
ENSG00000114867,ENSG00000114867.22,ENST00000414031,ENST00000414031.5,EIF4G1,ENSPANG00000009907,Catarrhini,ortholog_one2one,98.6241,98.2555,100,100,1
ENSG00000114867,ENSG00000114867.22,ENST00000392537,ENST00000392537.6,EIF4G1,ENSPANG00000009907,Catarrhini,ortholog_one2one,98.6241,98.2555,100,100,1
ENSG00000114867,ENSG00000114867.22,ENST00000444134,ENST00000444134.5,EIF4G1,ENSPANG00000009907,Catarrhini,ortholog_one2one,98.6241,98.2555,100,100,1
ENSG00000114867,ENSG00000114867.22,ENST00000442406,ENST00000442406.5,EIF4G1,ENSPANG00000009907,Catarrhini,ortholog_one2one,98.6241,98.2555,100,100,1
ENSG00000114867,ENSG00000114867.22,ENST00000450424,ENST00000450424.5,EIF4G1,ENSPANG00000009907,Catarrhini,ortholog_one2one,98.6241,98.2555,100,100,1
ENSG00000114867,ENSG00000114867.22,ENST00000421110,ENST00000421110.5,EIF4G1,ENSPANG00000009907,Catarrhini,ortholog_one2one,98.6241,98.2555,100,100,1
ENSG00000114867,ENSG00000114867.22,ENST00000435046,ENST00000435046.7,EIF4G1,ENSPANG00000009907,Catarrhini,ortholog_one2one,98.6241,98.2555,100,100,1
ENSG00000114867,ENSG00000114867.22,ENST00000382330,ENST00000382330.7,EIF4G1,ENSPANG00000009907,Catarrhini,ortholog_one2one,98.6241,98.2555,100,100,1
ENSG00000114867,ENSG00000114867.22,ENST00000413967,ENST00000413967.5,EIF4G1,ENSPANG00000009907,Catarrhini,ortholog_one2one,98.6241,98.2555,100,100,1
ENSG00000114867,ENSG00000114867.22,ENST00000426123,ENST00000426123.5,EIF4G1,ENSPANG00000009907,Catarrhini,ortholog_one2one,98.6241,98.2555,100,100,1
ENSG00000114867,ENSG00000114867.22,ENST00000346169,ENST00000346169.7,EIF4G1,ENSPANG00000009907,Catarrhini,ortholog_one2one,98.6241,98.2555,100,100,1
ENSG00000114867,ENSG00000114867.22,ENST00000350481,ENST00000350481.9,EIF4G1,ENSPANG00000009907,Catarrhini,ortholog_one2one,98.6241,98.2555,100,100,1
ENSG00000114867,ENSG00000114867.22,ENST00000455679,ENST00000455679.5,EIF4G1,ENSPANG00000009907,Catarrhini,ortholog_one2one,98.6241,98.2555,100,100,1
ENSG00000114867,ENSG00000114867.22,ENST00000485712,ENST00000485712.5,EIF4G1,ENSPANG00000009907,Catarrhini,ortholog_one2one,98.6241,98.2555,100,100,1
ENSG00000114867,ENSG00000114867.22,ENST00000440448,ENST00000440448.5,EIF4G1,ENSPANG00000009907,Catarrhini,ortholog_one2one,98.6241,98.2555,100,100,1
ENSG00000114867,ENSG00000114867.22,ENST00000427141,ENST00000427141.6,EIF4G1,ENSPANG00000009907,Catarrhini,ortholog_one2one,98.6241,98.2555,100,100,1
ENSG00000114867,ENSG00000114867.22,ENST00000427845,ENST00000427845.5,EIF4G1,ENSPANG00000009907,Catarrhini,ortholog_one2one,98.6241,98.2555,100,100,1
ENSG00000114867,ENSG00000114867.22,ENST00000342981,ENST00000342981.8,EIF4G1,ENSPANG00000009907,Catarrhini,ortholog_one2one,98.6241,98.2555,100,100,1
ENSG00000114867,ENSG00000114867.22,ENST00000424196,ENST00000424196.5,EIF4G1,ENSPANG00000009907,Catarrhini,ortholog_one2one,98.6241,98.2555,100,100,1
ENSG00000114867,ENSG00000114867.22,ENST00000456033,ENST00000456033.5,EIF4G1,ENSPANG00000009907,Catarrhini,ortholog_one2one,98.6241,98.2555,100,100,1
ENSG00000114867,ENSG00000114867.22,ENST00000411531,ENST00000411531.5,EIF4G1,ENSPANG00000009907,Catarrhini,ortholog_one2one,98.6241,98.2555,100,100,1
ENSG00000114867,ENSG00000114867.22,ENST00000444861,ENST00000444861.5,EIF4G1,ENSPANG00000009907,Catarrhini,ortholog_one2one,98.6241,98.2555,100,100,1
ENSG00000114867,ENSG00000114867.22,ENST00000484862,ENST00000484862.5,EIF4G1,ENSPANG00000009907,Catarrhini,ortholog_one2one,98.6241,98.2555,100,100,1
ENSG00000114867,ENSG00000114867.22,ENST00000676206,ENST00000676206.1,EIF4G1,ENSPANG00000009907,Catarrhini,ortholog_one2one,98.6241,98.2555,100,100,1
ENSG00000114867,ENSG00000114867.22,ENST00000441154,ENST00000441154.5,EIF4G1,ENSPANG00000009907,Catarrhini,ortholog_one2one,98.6241,98.2555,100,100,1
ENSG00000114867,ENSG00000114867.22,ENST00000428387,ENST00000428387.5,EIF4G1,ENSPANG00000009907,Catarrhini,ortholog_one2one,98.6241,98.2555,100,100,1
ENSG00000114867,ENSG00000114867.22,ENST00000434061,ENST00000434061.6,EIF4G1,ENSPANG00000009907,Catarrhini,ortholog_one2one,98.6241,98.2555,100,100,1
ENSG00000114867,ENSG00000114867.22,ENST00000427607,ENST00000427607.5,EIF4G1,ENSPANG00000009907,Catarrhini,ortholog_one2one,98.6241,98.2555,100,100,1
ENSG00000114867,ENSG00000114867.22,ENST00000457456,ENST00000457456.5,EIF4G1,ENSPANG00000009907,Catarrhini,ortholog_one2one,98.6241,98.2555,100,100,1
ENSG00000114867,ENSG00000114867.22,ENST00000493299,ENST00000493299.1,EIF4G1,ENSPANG00000009907,Catarrhini,ortholog_one2one,98.6241,98.2555,100,100,1
ENSG00000114867,ENSG00000114867.22,ENST00000676453,ENST00000676453.1,EIF4G1,ENSPANG00000009907,Catarrhini,ortholog_one2one,98.6241,98.2555,100,100,1
ENSG00000114867,ENSG00000114867.22,ENST00000448284,ENST00000448284.1,EIF4G1,ENSPANG00000009907,Catarrhini,ortholog_one2one,98.6241,98.2555,100,100,1
ENSG00000114867,ENSG00000114867.22,ENST00000466311,ENST00000466311.1,EIF4G1,ENSPANG00000009907,Catarrhini,ortholog_one2one,98.6241,98.2555,100,100,1
ENSG00000114867,ENSG00000114867.22,ENST00000482303,ENST00000482303.1,EIF4G1,ENSPANG00000009907,Catarrhini,ortholog_one2one,98.6241,98.2555,100,100,1
ENSG00000114867,ENSG00000114867.22,ENST00000422614,ENST00000422614.5,EIF4G1,ENSPANG00000009907,Catarrhini,ortholog_one2one,98.6241,98.2555,100,100,1
ENSG00000114867,ENSG00000114867.22,ENST00000460829,ENST00000460829.5,EIF4G1,ENSPANG00000009907,Catarrhini,ortholog_one2one,98.6241,98.2555,100,100,1
ENSG00000114867,ENSG00000114867.22,ENST00000475721,ENST00000475721.5,EIF4G1,ENSPANG00000009907,Catarrhini,ortholog_one2one,98.6241,98.2555,100,100,1
ENSG00000114867,ENSG00000114867.22,ENST00000464548,ENST00000464548.1,EIF4G1,ENSPANG00000009907,Catarrhini,ortholog_one2one,98.6241,98.2555,100,100,1
ENSG00000114867,ENSG00000114867.22,ENST00000478291,ENST00000478291.1,EIF4G1,ENSPANG00000009907,Catarrhini,ortholog_one2one,98.6241,98.2555,100,100,1
ENSG00000115423,ENSG00000115423.19,ENST00000476689,ENST00000476689.5,DNAH6,ENSPANG00000017584,Catarrhini,ortholog_one2one,97.8114,97.8114,100,100,1
ENSG00000115423,ENSG00000115423.19,ENST00000389394,ENST00000389394.8,DNAH6,ENSPANG00000017584,Catarrhini,ortholog_one2one,97.8114,97.8114,100,100,1
ENSG00000115423,ENSG00000115423.19,ENST00000468661,ENST00000468661.1,DNAH6,ENSPANG00000017584,Catarrhini,ortholog_one2one,97.8114,97.8114,100,100,1
ENSG00000115423,ENSG00000115423.19,ENST00000494025,ENST00000494025.1,DNAH6,ENSPANG00000017584,Catarrhini,ortholog_one2one,97.8114,97.8114,100,100,1
ENSG00000115423,ENSG00000115423.19,ENST00000602588,ENST00000602588.1,DNAH6,ENSPANG00000017584,Catarrhini,ortholog_one2one,97.8114,97.8114,100,100,1
ENSG00000118690,ENSG00000118690.13,ENST00000392644,ENST00000392644.9,ARMC2,ENSPANG00000006019,Catarrhini,ortholog_one2one,95.9631,95.9631,100,100,1
ENSG00000118690,ENSG00000118690.13,ENST00000237512,ENST00000237512.4,ARMC2,ENSPANG00000006019,Catarrhini,ortholog_one2one,95.9631,95.9631,100,100,1
ENSG00000118690,ENSG00000118690.13,ENST00000414610,ENST00000414610.1,ARMC2,ENSPANG00000006019,Catarrhini,ortholog_one2one,95.9631,95.9631,100,100,1
ENSG00000118690,ENSG00000118690.13,ENST00000481850,ENST00000481850.1,ARMC2,ENSPANG00000006019,Catarrhini,ortholog_one2one,95.9631,95.9631,100,100,1
ENSG00000118690,ENSG00000118690.13,ENST00000368972,ENST00000368972.7,ARMC2,ENSPANG00000006019,Catarrhini,ortholog_one2one,95.9631,95.9631,100,100,1
ENSG00000119685,ENSG00000119685.20,ENST00000554132,ENST00000554132.1,TTLL5,ENSPANG00000021771,Catarrhini,ortholog_one2one,96.331,95.0693,100,100,1
ENSG00000119685,ENSG00000119685.20,ENST00000556265,ENST00000556265.5,TTLL5,ENSPANG00000021771,Catarrhini,ortholog_one2one,96.331,95.0693,100,100,1
ENSG00000119685,ENSG00000119685.20,ENST00000555290,ENST00000555290.5,TTLL5,ENSPANG00000021771,Catarrhini,ortholog_one2one,96.331,95.0693,100,100,1
ENSG00000119685,ENSG00000119685.20,ENST00000556977,ENST00000556977.5,TTLL5,ENSPANG00000021771,Catarrhini,ortholog_one2one,96.331,95.0693,100,100,1
ENSG00000119685,ENSG00000119685.20,ENST00000556685,ENST00000556685.1,TTLL5,ENSPANG00000021771,Catarrhini,ortholog_one2one,96.331,95.0693,100,100,1
ENSG00000119685,ENSG00000119685.20,ENST00000298832,ENST00000298832.14,TTLL5,ENSPANG00000021771,Catarrhini,ortholog_one2one,96.331,95.0693,100,100,1
ENSG00000119685,ENSG00000119685.20,ENST00000557636,ENST00000557636.5,TTLL5,ENSPANG00000021771,Catarrhini,ortholog_one2one,96.331,95.0693,100,100,1
ENSG00000119685,ENSG00000119685.20,ENST00000286650,ENST00000286650.9,TTLL5,ENSPANG00000021771,Catarrhini,ortholog_one2one,96.331,95.0693,100,100,1
ENSG00000119685,ENSG00000119685.20,ENST00000556173,ENST00000556173.5,TTLL5,ENSPANG00000021771,Catarrhini,ortholog_one2one,96.331,95.0693,100,100,1
ENSG00000119685,ENSG00000119685.20,ENST00000554185,ENST00000554185.1,TTLL5,ENSPANG00000021771,Catarrhini,ortholog_one2one,96.331,95.0693,100,100,1
ENSG00000119685,ENSG00000119685.20,ENST00000555422,ENST00000555422.5,TTLL5,ENSPANG00000021771,Catarrhini,ortholog_one2one,96.331,95.0693,100,100,1
ENSG00000119685,ENSG00000119685.20,ENST00000554935,ENST00000554935.5,TTLL5,ENSPANG00000021771,Catarrhini,ortholog_one2one,96.331,95.0693,100,100,1
ENSG00000119685,ENSG00000119685.20,ENST00000554148,ENST00000554148.5,TTLL5,ENSPANG00000021771,Catarrhini,ortholog_one2one,96.331,95.0693,100,100,1
ENSG00000119685,ENSG00000119685.20,ENST00000554878,ENST00000554878.1,TTLL5,ENSPANG00000021771,Catarrhini,ortholog_one2one,96.331,95.0693,100,100,1
ENSG00000119685,ENSG00000119685.20,ENST00000556976,ENST00000556976.1,TTLL5,ENSPANG00000021771,Catarrhini,ortholog_one2one,96.331,95.0693,100,100,1
ENSG00000119685,ENSG00000119685.20,ENST00000556893,ENST00000556893.5,TTLL5,ENSPANG00000021771,Catarrhini,ortholog_one2one,96.331,95.0693,100,100,1
ENSG00000119685,ENSG00000119685.20,ENST00000554510,ENST00000554510.5,TTLL5,ENSPANG00000021771,Catarrhini,ortholog_one2one,96.331,95.0693,100,100,1
ENSG00000119685,ENSG00000119685.20,ENST00000555018,ENST00000555018.3,TTLL5,ENSPANG00000021771,Catarrhini,ortholog_one2one,96.331,95.0693,100,100,1
ENSG00000119685,ENSG00000119685.20,ENST00000608522,ENST00000608522.2,TTLL5,ENSPANG00000021771,Catarrhini,ortholog_one2one,96.331,95.0693,100,100,1
ENSG00000119685,ENSG00000119685.20,ENST00000557219,ENST00000557219.1,TTLL5,ENSPANG00000021771,Catarrhini,ortholog_one2one,96.331,95.0693,100,100,1
ENSG00000119685,ENSG00000119685.20,ENST00000554972,ENST00000554972.1,TTLL5,ENSPANG00000021771,Catarrhini,ortholog_one2one,96.331,95.0693,100,100,1
ENSG00000119685,ENSG00000119685.20,ENST00000554487,ENST00000554487.1,TTLL5,ENSPANG00000021771,Catarrhini,ortholog_one2one,96.331,95.0693,100,100,1
ENSG00000120051,ENSG00000120051.15,ENST00000369704,ENST00000369704.8,CFAP58,ENSPANG00000020883,Catarrhini,ortholog_one2one,97.5917,97.5917,100,100,1
ENSG00000120051,ENSG00000120051.15,ENST00000369703,ENST00000369703.1,CFAP58,ENSPANG00000020883,Catarrhini,ortholog_one2one,97.5917,97.5917,100,100,1
ENSG00000122735,ENSG00000122735.16,ENST00000470982,ENST00000470982.5,DNAI1,ENSPANG00000025319,Catarrhini,ortholog_one2one,95.422,94.7443,100,100,1
ENSG00000122735,ENSG00000122735.16,ENST00000614641,ENST00000614641.4,DNAI1,ENSPANG00000025319,Catarrhini,ortholog_one2one,95.422,94.7443,100,100,1
ENSG00000122735,ENSG00000122735.16,ENST00000242317,ENST00000242317.9,DNAI1,ENSPANG00000025319,Catarrhini,ortholog_one2one,95.422,94.7443,100,100,1
ENSG00000122735,ENSG00000122735.16,ENST00000437363,ENST00000437363.5,DNAI1,ENSPANG00000025319,Catarrhini,ortholog_one2one,95.422,94.7443,100,100,1
ENSG00000122735,ENSG00000122735.16,ENST00000488369,ENST00000488369.1,DNAI1,ENSPANG00000025319,Catarrhini,ortholog_one2one,95.422,94.7443,100,100,1
ENSG00000122735,ENSG00000122735.16,ENST00000488790,ENST00000488790.1,DNAI1,ENSPANG00000025319,Catarrhini,ortholog_one2one,95.422,94.7443,100,100,1
ENSG00000122735,ENSG00000122735.16,ENST00000470169,ENST00000470169.5,DNAI1,ENSPANG00000025319,Catarrhini,ortholog_one2one,95.422,94.7443,100,100,1
ENSG00000122735,ENSG00000122735.16,ENST00000442556,ENST00000442556.1,DNAI1,ENSPANG00000025319,Catarrhini,ortholog_one2one,95.422,94.7443,100,100,1
ENSG00000122735,ENSG00000122735.16,ENST00000485580,ENST00000485580.1,DNAI1,ENSPANG00000025319,Catarrhini,ortholog_one2one,95.422,94.7443,100,100,1
ENSG00000124721,ENSG00000124721.18,ENST00000327475,ENST00000327475.11,DNAH8,ENSPANG00000016030,Catarrhini,ortholog_one2one,97.7905,97.749,100,100,1
ENSG00000124721,ENSG00000124721.18,ENST00000373278,ENST00000373278.8,DNAH8,ENSPANG00000016030,Catarrhini,ortholog_one2one,97.7905,97.749,100,100,1
ENSG00000124721,ENSG00000124721.18,ENST00000449981,ENST00000449981.6,DNAH8,ENSPANG00000016030,Catarrhini,ortholog_one2one,97.7905,97.749,100,100,1
ENSG00000124721,ENSG00000124721.18,ENST00000359357,ENST00000359357.7,DNAH8,ENSPANG00000016030,Catarrhini,ortholog_one2one,97.7905,97.749,100,100,1
ENSG00000124721,ENSG00000124721.18,ENST00000394393,ENST00000394393.3,DNAH8,ENSPANG00000016030,Catarrhini,ortholog_one2one,97.7905,97.749,100,100,1
ENSG00000129295,ENSG00000129295.9,ENST00000620350,ENST00000620350.5,LRRC6,ENSPANG00000007873,Catarrhini,ortholog_one2one,95.279,95.0749,100,100,1
ENSG00000129295,ENSG00000129295.9,ENST00000618342,ENST00000618342.1,LRRC6,ENSPANG00000007873,Catarrhini,ortholog_one2one,95.279,95.0749,100,100,1
ENSG00000129295,ENSG00000129295.9,ENST00000519595,ENST00000519595.5,LRRC6,ENSPANG00000007873,Catarrhini,ortholog_one2one,95.279,95.0749,100,100,1
ENSG00000129295,ENSG00000129295.9,ENST00000522789,ENST00000522789.5,LRRC6,ENSPANG00000007873,Catarrhini,ortholog_one2one,95.279,95.0749,100,100,1
ENSG00000129295,ENSG00000129295.9,ENST00000518642,ENST00000518642.5,LRRC6,ENSPANG00000007873,Catarrhini,ortholog_one2one,95.279,95.0749,100,100,1
ENSG00000129295,ENSG00000129295.9,ENST00000250173,ENST00000250173.5,LRRC6,ENSPANG00000007873,Catarrhini,ortholog_one2one,95.279,95.0749,100,100,1
ENSG00000129295,ENSG00000129295.9,ENST00000522597,ENST00000522597.1,LRRC6,ENSPANG00000007873,Catarrhini,ortholog_one2one,95.279,95.0749,100,100,1
ENSG00000129295,ENSG00000129295.9,ENST00000519085,ENST00000519085.5,LRRC6,ENSPANG00000007873,Catarrhini,ortholog_one2one,95.279,95.0749,100,100,1
ENSG00000129295,ENSG00000129295.9,ENST00000520446,ENST00000520446.5,LRRC6,ENSPANG00000007873,Catarrhini,ortholog_one2one,95.279,95.0749,100,100,1
ENSG00000129295,ENSG00000129295.9,ENST00000523503,ENST00000523503.1,LRRC6,ENSPANG00000007873,Catarrhini,ortholog_one2one,95.279,95.0749,100,100,1
ENSG00000129295,ENSG00000129295.9,ENST00000522584,ENST00000522584.5,LRRC6,ENSPANG00000007873,Catarrhini,ortholog_one2one,95.279,95.0749,100,100,1
ENSG00000129295,ENSG00000129295.9,ENST00000521430,ENST00000521430.5,LRRC6,ENSPANG00000007873,Catarrhini,ortholog_one2one,95.279,95.0749,100,100,1
ENSG00000129295,ENSG00000129295.9,ENST00000518101,ENST00000518101.1,LRRC6,ENSPANG00000007873,Catarrhini,ortholog_one2one,95.279,95.0749,100,100,1
ENSG00000129646,ENSG00000129646.16,ENST00000532549,ENST00000532549.2,QRICH2,ENSPANG00000020029,Catarrhini,ortholog_one2one,82.8299,84.7614,100,100,1
ENSG00000129646,ENSG00000129646.16,ENST00000636395,ENST00000636395.1,QRICH2,ENSPANG00000020029,Catarrhini,ortholog_one2one,82.8299,84.7614,100,100,1
ENSG00000129646,ENSG00000129646.16,ENST00000680821,ENST00000680821.2,QRICH2,ENSPANG00000020029,Catarrhini,ortholog_one2one,82.8299,84.7614,100,100,1
ENSG00000129646,ENSG00000129646.16,ENST00000447564,ENST00000447564.2,QRICH2,ENSPANG00000020029,Catarrhini,ortholog_one2one,82.8299,84.7614,100,100,1
ENSG00000129646,ENSG00000129646.16,ENST00000262765,ENST00000262765.10,QRICH2,ENSPANG00000020029,Catarrhini,ortholog_one2one,82.8299,84.7614,100,100,1
ENSG00000129646,ENSG00000129646.16,ENST00000524722,ENST00000524722.1,QRICH2,ENSPANG00000020029,Catarrhini,ortholog_one2one,82.8299,84.7614,100,100,1
ENSG00000130363,ENSG00000130363.13,ENST00000367069,ENST00000367069.7,RSPH3,ENSPANG00000015890,Catarrhini,ortholog_one2one,91.3876,70.3499,50,99.61,1
ENSG00000130363,ENSG00000130363.13,ENST00000607398,ENST00000607398.1,RSPH3,ENSPANG00000015890,Catarrhini,ortholog_one2one,91.3876,70.3499,50,99.61,1
ENSG00000130363,ENSG00000130363.13,ENST00000449822,ENST00000449822.5,RSPH3,ENSPANG00000015890,Catarrhini,ortholog_one2one,91.3876,70.3499,50,99.61,1
ENSG00000131459,ENSG00000131459.13,ENST00000253778,ENST00000253778.13,GFPT2,ENSPANG00000016006,Catarrhini,ortholog_one2one,98.6804,98.6804,100,100,1
ENSG00000131459,ENSG00000131459.13,ENST00000520165,ENST00000520165.1,GFPT2,ENSPANG00000016006,Catarrhini,ortholog_one2one,98.6804,98.6804,100,100,1
ENSG00000131459,ENSG00000131459.13,ENST00000510122,ENST00000510122.1,GFPT2,ENSPANG00000016006,Catarrhini,ortholog_one2one,98.6804,98.6804,100,100,1
ENSG00000131459,ENSG00000131459.13,ENST00000518906,ENST00000518906.1,GFPT2,ENSPANG00000016006,Catarrhini,ortholog_one2one,98.6804,98.6804,100,100,1
ENSG00000131459,ENSG00000131459.13,ENST00000518185,ENST00000518185.1,GFPT2,ENSPANG00000016006,Catarrhini,ortholog_one2one,98.6804,98.6804,100,100,1
ENSG00000131459,ENSG00000131459.13,ENST00000518158,ENST00000518158.5,GFPT2,ENSPANG00000016006,Catarrhini,ortholog_one2one,98.6804,98.6804,100,100,1
ENSG00000131459,ENSG00000131459.13,ENST00000503546,ENST00000503546.1,GFPT2,ENSPANG00000016006,Catarrhini,ortholog_one2one,98.6804,98.6804,100,100,1
ENSG00000131459,ENSG00000131459.13,ENST00000503228,ENST00000503228.1,GFPT2,ENSPANG00000016006,Catarrhini,ortholog_one2one,98.6804,98.6804,100,100,1
ENSG00000134874,ENSG00000134874.18,ENST00000361396,ENST00000361396.6,DZIP1,ENSPANG00000014288,Catarrhini,ortholog_one2one,95.8477,95.9584,100,100,1
ENSG00000134874,ENSG00000134874.18,ENST00000376829,ENST00000376829.7,DZIP1,ENSPANG00000014288,Catarrhini,ortholog_one2one,95.8477,95.9584,100,100,1
ENSG00000134874,ENSG00000134874.18,ENST00000485031,ENST00000485031.5,DZIP1,ENSPANG00000014288,Catarrhini,ortholog_one2one,95.8477,95.9584,100,100,1
ENSG00000134874,ENSG00000134874.18,ENST00000479518,ENST00000479518.1,DZIP1,ENSPANG00000014288,Catarrhini,ortholog_one2one,95.8477,95.9584,100,100,1
ENSG00000134874,ENSG00000134874.18,ENST00000466569,ENST00000466569.1,DZIP1,ENSPANG00000014288,Catarrhini,ortholog_one2one,95.8477,95.9584,100,100,1
ENSG00000134874,ENSG00000134874.18,ENST00000466027,ENST00000466027.1,DZIP1,ENSPANG00000014288,Catarrhini,ortholog_one2one,95.8477,95.9584,100,100,1
ENSG00000134874,ENSG00000134874.18,ENST00000347108,ENST00000347108.7,DZIP1,ENSPANG00000014288,Catarrhini,ortholog_one2one,95.8477,95.9584,100,100,1
ENSG00000134874,ENSG00000134874.18,ENST00000361156,ENST00000361156.7,DZIP1,ENSPANG00000014288,Catarrhini,ortholog_one2one,95.8477,95.9584,100,100,1
ENSG00000137473,ENSG00000137473.19,ENST00000513335,ENST00000513335.5,TTC29,ENSPANG00000004758,Catarrhini,ortholog_one2one,95.7895,95.7895,100,100,1
ENSG00000137473,ENSG00000137473.19,ENST00000325106,ENST00000325106.9,TTC29,ENSPANG00000004758,Catarrhini,ortholog_one2one,95.7895,95.7895,100,100,1
ENSG00000137473,ENSG00000137473.19,ENST00000508306,ENST00000508306.5,TTC29,ENSPANG00000004758,Catarrhini,ortholog_one2one,95.7895,95.7895,100,100,1
ENSG00000137473,ENSG00000137473.19,ENST00000504425,ENST00000504425.5,TTC29,ENSPANG00000004758,Catarrhini,ortholog_one2one,95.7895,95.7895,100,100,1
ENSG00000137473,ENSG00000137473.19,ENST00000504272,ENST00000504272.2,TTC29,ENSPANG00000004758,Catarrhini,ortholog_one2one,95.7895,95.7895,100,100,1
ENSG00000137473,ENSG00000137473.19,ENST00000506019,ENST00000506019.1,TTC29,ENSPANG00000004758,Catarrhini,ortholog_one2one,95.7895,95.7895,100,100,1
ENSG00000137473,ENSG00000137473.19,ENST00000515315,ENST00000515315.1,TTC29,ENSPANG00000004758,Catarrhini,ortholog_one2one,95.7895,95.7895,100,100,1
ENSG00000137473,ENSG00000137473.19,ENST00000502319,ENST00000502319.1,TTC29,ENSPANG00000004758,Catarrhini,ortholog_one2one,95.7895,95.7895,100,100,1
ENSG00000137691,ENSG00000137691.13,ENST00000434758,ENST00000434758.7,CFAP300,ENSPANG00000033245,Catarrhini,ortholog_one2one,97.0037,97.0037,100,100,1
ENSG00000137691,ENSG00000137691.13,ENST00000526781,ENST00000526781.5,CFAP300,ENSPANG00000033245,Catarrhini,ortholog_one2one,97.0037,97.0037,100,100,1
ENSG00000137691,ENSG00000137691.13,ENST00000534360,ENST00000534360.1,CFAP300,ENSPANG00000033245,Catarrhini,ortholog_one2one,97.0037,97.0037,100,100,1
ENSG00000137691,ENSG00000137691.13,ENST00000530659,ENST00000530659.1,CFAP300,ENSPANG00000033245,Catarrhini,ortholog_one2one,97.0037,97.0037,100,100,1
ENSG00000137691,ENSG00000137691.13,ENST00000529204,ENST00000529204.1,CFAP300,ENSPANG00000033245,Catarrhini,ortholog_one2one,97.0037,97.0037,100,100,1
ENSG00000140057,ENSG00000140057.9,ENST00000267584,ENST00000267584.9,AK7,ENSPANG00000015911,Catarrhini,ortholog_one2one,96.6805,96.6805,100,100,1
ENSG00000140057,ENSG00000140057.9,ENST00000555570,ENST00000555570.1,AK7,ENSPANG00000015911,Catarrhini,ortholog_one2one,96.6805,96.6805,100,100,1
ENSG00000140057,ENSG00000140057.9,ENST00000556643,ENST00000556643.1,AK7,ENSPANG00000015911,Catarrhini,ortholog_one2one,96.6805,96.6805,100,100,1
ENSG00000140057,ENSG00000140057.9,ENST00000554313,ENST00000554313.1,AK7,ENSPANG00000015911,Catarrhini,ortholog_one2one,96.6805,96.6805,100,100,1
ENSG00000140057,ENSG00000140057.9,ENST00000554706,ENST00000554706.1,AK7,ENSPANG00000015911,Catarrhini,ortholog_one2one,96.6805,96.6805,100,100,1
ENSG00000140623,ENSG00000140623.14,ENST00000588241,ENST00000588241.5,SEPTIN12,ENSPANG00000022807,Catarrhini,ortholog_one2one,98.0447,98.0447,100,100,1
ENSG00000140623,ENSG00000140623.14,ENST00000396693,ENST00000396693.9,SEPTIN12,ENSPANG00000022807,Catarrhini,ortholog_one2one,98.0447,98.0447,100,100,1
ENSG00000140623,ENSG00000140623.14,ENST00000268231,ENST00000268231.13,SEPTIN12,ENSPANG00000022807,Catarrhini,ortholog_one2one,98.0447,98.0447,100,100,1
ENSG00000140623,ENSG00000140623.14,ENST00000587603,ENST00000587603.5,SEPTIN12,ENSPANG00000022807,Catarrhini,ortholog_one2one,98.0447,98.0447,100,100,1
ENSG00000140623,ENSG00000140623.14,ENST00000590741,ENST00000590741.5,SEPTIN12,ENSPANG00000022807,Catarrhini,ortholog_one2one,98.0447,98.0447,100,100,1
ENSG00000140623,ENSG00000140623.14,ENST00000591861,ENST00000591861.5,SEPTIN12,ENSPANG00000022807,Catarrhini,ortholog_one2one,98.0447,98.0447,100,100,1
ENSG00000140623,ENSG00000140623.14,ENST00000590303,ENST00000590303.1,SEPTIN12,ENSPANG00000022807,Catarrhini,ortholog_one2one,98.0447,98.0447,100,100,1
ENSG00000140623,ENSG00000140623.14,ENST00000591624,ENST00000591624.1,SEPTIN12,ENSPANG00000022807,Catarrhini,ortholog_one2one,98.0447,98.0447,100,100,1
ENSG00000141013,ENSG00000141013.17,ENST00000563980,ENST00000563980.5,GAS8,ENSPANG00000019360,Catarrhini,ortholog_one2one,97.0711,97.0711,50,99.82,1
ENSG00000141013,ENSG00000141013.17,ENST00000565957,ENST00000565957.5,GAS8,ENSPANG00000019360,Catarrhini,ortholog_one2one,97.0711,97.0711,50,99.82,1
ENSG00000141013,ENSG00000141013.17,ENST00000536122,ENST00000536122.7,GAS8,ENSPANG00000019360,Catarrhini,ortholog_one2one,97.0711,97.0711,50,99.82,1
ENSG00000141013,ENSG00000141013.17,ENST00000568705,ENST00000568705.5,GAS8,ENSPANG00000019360,Catarrhini,ortholog_one2one,97.0711,97.0711,50,99.82,1
ENSG00000141013,ENSG00000141013.17,ENST00000568664,ENST00000568664.5,GAS8,ENSPANG00000019360,Catarrhini,ortholog_one2one,97.0711,97.0711,50,99.82,1
ENSG00000141013,ENSG00000141013.17,ENST00000561675,ENST00000561675.1,GAS8,ENSPANG00000019360,Catarrhini,ortholog_one2one,97.0711,97.0711,50,99.82,1
ENSG00000141013,ENSG00000141013.17,ENST00000564392,ENST00000564392.5,GAS8,ENSPANG00000019360,Catarrhini,ortholog_one2one,97.0711,97.0711,50,99.82,1
ENSG00000141013,ENSG00000141013.17,ENST00000620723,ENST00000620723.4,GAS8,ENSPANG00000019360,Catarrhini,ortholog_one2one,97.0711,97.0711,50,99.82,1
ENSG00000141013,ENSG00000141013.17,ENST00000565062,ENST00000565062.5,GAS8,ENSPANG00000019360,Catarrhini,ortholog_one2one,97.0711,97.0711,50,99.82,1
ENSG00000141013,ENSG00000141013.17,ENST00000540721,ENST00000540721.5,GAS8,ENSPANG00000019360,Catarrhini,ortholog_one2one,97.0711,97.0711,50,99.82,1
ENSG00000141013,ENSG00000141013.17,ENST00000564853,ENST00000564853.1,GAS8,ENSPANG00000019360,Catarrhini,ortholog_one2one,97.0711,97.0711,50,99.82,1
ENSG00000141013,ENSG00000141013.17,ENST00000268699,ENST00000268699.9,GAS8,ENSPANG00000019360,Catarrhini,ortholog_one2one,97.0711,97.0711,50,99.82,1
ENSG00000141013,ENSG00000141013.17,ENST00000537797,ENST00000537797.5,GAS8,ENSPANG00000019360,Catarrhini,ortholog_one2one,97.0711,97.0711,50,99.82,1
ENSG00000141013,ENSG00000141013.17,ENST00000566266,ENST00000566266.5,GAS8,ENSPANG00000019360,Catarrhini,ortholog_one2one,97.0711,97.0711,50,99.82,1
ENSG00000141013,ENSG00000141013.17,ENST00000569558,ENST00000569558.5,GAS8,ENSPANG00000019360,Catarrhini,ortholog_one2one,97.0711,97.0711,50,99.82,1
ENSG00000141013,ENSG00000141013.17,ENST00000564802,ENST00000564802.1,GAS8,ENSPANG00000019360,Catarrhini,ortholog_one2one,97.0711,97.0711,50,99.82,1
ENSG00000141013,ENSG00000141013.17,ENST00000565000,ENST00000565000.1,GAS8,ENSPANG00000019360,Catarrhini,ortholog_one2one,97.0711,97.0711,50,99.82,1
ENSG00000141013,ENSG00000141013.17,ENST00000569399,ENST00000569399.1,GAS8,ENSPANG00000019360,Catarrhini,ortholog_one2one,97.0711,97.0711,50,99.82,1
ENSG00000141013,ENSG00000141013.17,ENST00000564789,ENST00000564789.5,GAS8,ENSPANG00000019360,Catarrhini,ortholog_one2one,97.0711,97.0711,50,99.82,1
ENSG00000141013,ENSG00000141013.17,ENST00000568284,ENST00000568284.1,GAS8,ENSPANG00000019360,Catarrhini,ortholog_one2one,97.0711,97.0711,50,99.82,1
ENSG00000141519,ENSG00000141519.15,ENST00000397545,ENST00000397545.9,CCDC40,ENSPANG00000019680,Catarrhini,ortholog_one2one,93.1699,92.9258,100,100,1
ENSG00000141519,ENSG00000141519.15,ENST00000572270,ENST00000572270.1,CCDC40,ENSPANG00000019680,Catarrhini,ortholog_one2one,93.1699,92.9258,100,100,1
ENSG00000141519,ENSG00000141519.15,ENST00000269318,ENST00000269318.9,CCDC40,ENSPANG00000019680,Catarrhini,ortholog_one2one,93.1699,92.9258,100,100,1
ENSG00000141519,ENSG00000141519.15,ENST00000374876,ENST00000374876.4,CCDC40,ENSPANG00000019680,Catarrhini,ortholog_one2one,93.1699,92.9258,100,100,1
ENSG00000141519,ENSG00000141519.15,ENST00000576033,ENST00000576033.5,CCDC40,ENSPANG00000019680,Catarrhini,ortholog_one2one,93.1699,92.9258,100,100,1
ENSG00000141519,ENSG00000141519.15,ENST00000574099,ENST00000574099.1,CCDC40,ENSPANG00000019680,Catarrhini,ortholog_one2one,93.1699,92.9258,100,100,1
ENSG00000141519,ENSG00000141519.15,ENST00000572083,ENST00000572083.5,CCDC40,ENSPANG00000019680,Catarrhini,ortholog_one2one,93.1699,92.9258,100,100,1
ENSG00000141519,ENSG00000141519.15,ENST00000576241,ENST00000576241.1,CCDC40,ENSPANG00000019680,Catarrhini,ortholog_one2one,93.1699,92.9258,100,100,1
ENSG00000141519,ENSG00000141519.15,ENST00000573474,ENST00000573474.5,CCDC40,ENSPANG00000019680,Catarrhini,ortholog_one2one,93.1699,92.9258,100,100,1
ENSG00000141519,ENSG00000141519.15,ENST00000574799,ENST00000574799.5,CCDC40,ENSPANG00000019680,Catarrhini,ortholog_one2one,93.1699,92.9258,100,100,1
ENSG00000141519,ENSG00000141519.15,ENST00000571028,ENST00000571028.1,CCDC40,ENSPANG00000019680,Catarrhini,ortholog_one2one,93.1699,92.9258,100,100,1
ENSG00000141519,ENSG00000141519.15,ENST00000572253,ENST00000572253.5,CCDC40,ENSPANG00000019680,Catarrhini,ortholog_one2one,93.1699,92.9258,100,100,1
ENSG00000141519,ENSG00000141519.15,ENST00000575431,ENST00000575431.1,CCDC40,ENSPANG00000019680,Catarrhini,ortholog_one2one,93.1699,92.9258,100,100,1
ENSG00000141519,ENSG00000141519.15,ENST00000574933,ENST00000574933.1,CCDC40,ENSPANG00000019680,Catarrhini,ortholog_one2one,93.1699,92.9258,100,100,1
ENSG00000141519,ENSG00000141519.15,ENST00000573903,ENST00000573903.1,CCDC40,ENSPANG00000019680,Catarrhini,ortholog_one2one,93.1699,92.9258,100,100,1
ENSG00000141519,ENSG00000141519.15,ENST00000374877,ENST00000374877.7,CCDC40,ENSPANG00000019680,Catarrhini,ortholog_one2one,93.1699,92.9258,100,100,1
ENSG00000143199,ENSG00000143199.18,ENST00000545172,ENST00000545172.5,ADCY10,ENSPANG00000010285,Catarrhini,ortholog_one2one,92.1739,92.2312,100,100,1
ENSG00000143199,ENSG00000143199.18,ENST00000367851,ENST00000367851.9,ADCY10,ENSPANG00000010285,Catarrhini,ortholog_one2one,92.1739,92.2312,100,100,1
ENSG00000143199,ENSG00000143199.18,ENST00000485964,ENST00000485964.5,ADCY10,ENSPANG00000010285,Catarrhini,ortholog_one2one,92.1739,92.2312,100,100,1
ENSG00000143199,ENSG00000143199.18,ENST00000367848,ENST00000367848.1,ADCY10,ENSPANG00000010285,Catarrhini,ortholog_one2one,92.1739,92.2312,100,100,1
ENSG00000143199,ENSG00000143199.18,ENST00000476818,ENST00000476818.2,ADCY10,ENSPANG00000010285,Catarrhini,ortholog_one2one,92.1739,92.2312,100,100,1
ENSG00000145075,ENSG00000145075.13,ENST00000651576,ENST00000651576.1,,,,,,,,,
ENSG00000145075,ENSG00000145075.13,ENST00000471307,ENST00000471307.6,,,,,,,,,
ENSG00000147081,ENSG00000147081.15,ENST00000358526,ENST00000358526.7,AKAP4,ENSPANG00000012949,Catarrhini,ortholog_one2one,96.0187,96.0187,100,100,1
ENSG00000147081,ENSG00000147081.15,ENST00000376064,ENST00000376064.7,AKAP4,ENSPANG00000012949,Catarrhini,ortholog_one2one,96.0187,96.0187,100,100,1
ENSG00000147081,ENSG00000147081.15,ENST00000481402,ENST00000481402.5,AKAP4,ENSPANG00000012949,Catarrhini,ortholog_one2one,96.0187,96.0187,100,100,1
ENSG00000147081,ENSG00000147081.15,ENST00000448865,ENST00000448865.5,AKAP4,ENSPANG00000012949,Catarrhini,ortholog_one2one,96.0187,96.0187,100,100,1
ENSG00000147081,ENSG00000147081.15,ENST00000437370,ENST00000437370.2,AKAP4,ENSPANG00000012949,Catarrhini,ortholog_one2one,96.0187,96.0187,100,100,1
ENSG00000147081,ENSG00000147081.15,ENST00000480926,ENST00000480926.1,AKAP4,ENSPANG00000012949,Catarrhini,ortholog_one2one,96.0187,96.0187,100,100,1
ENSG00000149292,ENSG00000149292.17,ENST00000529221,ENST00000529221.6,TTC12,ENSPANG00000010676,Catarrhini,ortholog_one2one,91.9149,88.6457,100,100,1
ENSG00000149292,ENSG00000149292.17,ENST00000429951,ENST00000429951.5,TTC12,ENSPANG00000010676,Catarrhini,ortholog_one2one,91.9149,88.6457,100,100,1
ENSG00000149292,ENSG00000149292.17,ENST00000442859,ENST00000442859.5,TTC12,ENSPANG00000010676,Catarrhini,ortholog_one2one,91.9149,88.6457,100,100,1
ENSG00000149292,ENSG00000149292.17,ENST00000531164,ENST00000531164.5,TTC12,ENSPANG00000010676,Catarrhini,ortholog_one2one,91.9149,88.6457,100,100,1
ENSG00000149292,ENSG00000149292.17,ENST00000529850,ENST00000529850.5,TTC12,ENSPANG00000010676,Catarrhini,ortholog_one2one,91.9149,88.6457,100,100,1
ENSG00000149292,ENSG00000149292.17,ENST00000525965,ENST00000525965.5,TTC12,ENSPANG00000010676,Catarrhini,ortholog_one2one,91.9149,88.6457,100,100,1
ENSG00000149292,ENSG00000149292.17,ENST00000464224,ENST00000464224.5,TTC12,ENSPANG00000010676,Catarrhini,ortholog_one2one,91.9149,88.6457,100,100,1
ENSG00000149292,ENSG00000149292.17,ENST00000494714,ENST00000494714.5,TTC12,ENSPANG00000010676,Catarrhini,ortholog_one2one,91.9149,88.6457,100,100,1
ENSG00000149292,ENSG00000149292.17,ENST00000393020,ENST00000393020.5,TTC12,ENSPANG00000010676,Catarrhini,ortholog_one2one,91.9149,88.6457,100,100,1
ENSG00000149292,ENSG00000149292.17,ENST00000455306,ENST00000455306.5,TTC12,ENSPANG00000010676,Catarrhini,ortholog_one2one,91.9149,88.6457,100,100,1
ENSG00000149292,ENSG00000149292.17,ENST00000524580,ENST00000524580.6,TTC12,ENSPANG00000010676,Catarrhini,ortholog_one2one,91.9149,88.6457,100,100,1
ENSG00000149292,ENSG00000149292.17,ENST00000489064,ENST00000489064.5,TTC12,ENSPANG00000010676,Catarrhini,ortholog_one2one,91.9149,88.6457,100,100,1
ENSG00000149292,ENSG00000149292.17,ENST00000527781,ENST00000527781.1,TTC12,ENSPANG00000010676,Catarrhini,ortholog_one2one,91.9149,88.6457,100,100,1
ENSG00000149292,ENSG00000149292.17,ENST00000483239,ENST00000483239.6,TTC12,ENSPANG00000010676,Catarrhini,ortholog_one2one,91.9149,88.6457,100,100,1
ENSG00000149292,ENSG00000149292.17,ENST00000527362,ENST00000527362.5,TTC12,ENSPANG00000010676,Catarrhini,ortholog_one2one,91.9149,88.6457,100,100,1
ENSG00000149292,ENSG00000149292.17,ENST00000525989,ENST00000525989.1,TTC12,ENSPANG00000010676,Catarrhini,ortholog_one2one,91.9149,88.6457,100,100,1
ENSG00000149292,ENSG00000149292.17,ENST00000534793,ENST00000534793.1,TTC12,ENSPANG00000010676,Catarrhini,ortholog_one2one,91.9149,88.6457,100,100,1
ENSG00000149292,ENSG00000149292.17,ENST00000478125,ENST00000478125.1,TTC12,ENSPANG00000010676,Catarrhini,ortholog_one2one,91.9149,88.6457,100,100,1
ENSG00000149292,ENSG00000149292.17,ENST00000462711,ENST00000462711.2,TTC12,ENSPANG00000010676,Catarrhini,ortholog_one2one,91.9149,88.6457,100,100,1
ENSG00000149292,ENSG00000149292.17,ENST00000480233,ENST00000480233.1,TTC12,ENSPANG00000010676,Catarrhini,ortholog_one2one,91.9149,88.6457,100,100,1
ENSG00000149292,ENSG00000149292.17,ENST00000496311,ENST00000496311.1,TTC12,ENSPANG00000010676,Catarrhini,ortholog_one2one,91.9149,88.6457,100,100,1
ENSG00000149292,ENSG00000149292.17,ENST00000314756,ENST00000314756.7,TTC12,ENSPANG00000010676,Catarrhini,ortholog_one2one,91.9149,88.6457,100,100,1
ENSG00000152582,ENSG00000152582.14,ENST00000282469,ENST00000282469.10,SPEF2,ENSPANG00000013351,Boreoeutheria,ortholog_one2one,81.449,68.3556,100,100,1
ENSG00000152582,ENSG00000152582.14,ENST00000509059,ENST00000509059.5,SPEF2,ENSPANG00000013351,Boreoeutheria,ortholog_one2one,81.449,68.3556,100,100,1
ENSG00000152582,ENSG00000152582.14,ENST00000637569,ENST00000637569.1,SPEF2,ENSPANG00000013351,Boreoeutheria,ortholog_one2one,81.449,68.3556,100,100,1
ENSG00000152582,ENSG00000152582.14,ENST00000356031,ENST00000356031.8,SPEF2,ENSPANG00000013351,Boreoeutheria,ortholog_one2one,81.449,68.3556,100,100,1
ENSG00000152582,ENSG00000152582.14,ENST00000505847,ENST00000505847.5,SPEF2,ENSPANG00000013351,Boreoeutheria,ortholog_one2one,81.449,68.3556,100,100,1
ENSG00000152582,ENSG00000152582.14,ENST00000505088,ENST00000505088.1,SPEF2,ENSPANG00000013351,Boreoeutheria,ortholog_one2one,81.449,68.3556,100,100,1
ENSG00000152582,ENSG00000152582.14,ENST00000510777,ENST00000510777.5,SPEF2,ENSPANG00000013351,Boreoeutheria,ortholog_one2one,81.449,68.3556,100,100,1
ENSG00000152582,ENSG00000152582.14,ENST00000440995,ENST00000440995.6,SPEF2,ENSPANG00000013351,Boreoeutheria,ortholog_one2one,81.449,68.3556,100,100,1
ENSG00000152582,ENSG00000152582.14,ENST00000502454,ENST00000502454.1,SPEF2,ENSPANG00000013351,Boreoeutheria,ortholog_one2one,81.449,68.3556,100,100,1
ENSG00000152582,ENSG00000152582.14,ENST00000503074,ENST00000503074.1,SPEF2,ENSPANG00000013351,Boreoeutheria,ortholog_one2one,81.449,68.3556,100,100,1
ENSG00000152582,ENSG00000152582.14,ENST00000504054,ENST00000504054.1,SPEF2,ENSPANG00000013351,Boreoeutheria,ortholog_one2one,81.449,68.3556,100,100,1
ENSG00000152582,ENSG00000152582.14,ENST00000508817,ENST00000508817.1,SPEF2,ENSPANG00000013351,Boreoeutheria,ortholog_one2one,81.449,68.3556,100,100,1
ENSG00000152582,ENSG00000152582.14,ENST00000637061,ENST00000637061.1,SPEF2,ENSPANG00000013351,Boreoeutheria,ortholog_one2one,81.449,68.3556,100,100,1
ENSG00000152582,ENSG00000152582.14,ENST00000506526,ENST00000506526.5,SPEF2,ENSPANG00000013351,Boreoeutheria,ortholog_one2one,81.449,68.3556,100,100,1
ENSG00000152582,ENSG00000152582.14,ENST00000513078,ENST00000513078.1,SPEF2,ENSPANG00000013351,Boreoeutheria,ortholog_one2one,81.449,68.3556,100,100,1
ENSG00000152582,ENSG00000152582.14,ENST00000635995,ENST00000635995.1,SPEF2,ENSPANG00000013351,Boreoeutheria,ortholog_one2one,81.449,68.3556,100,100,1
ENSG00000154099,ENSG00000154099.18,ENST00000570298,ENST00000570298.5,DNAAF1,ENSPANG00000025135,Catarrhini,ortholog_one2one,88.6897,90.1823,100,100,1
ENSG00000154099,ENSG00000154099.18,ENST00000378553,ENST00000378553.10,DNAAF1,ENSPANG00000025135,Catarrhini,ortholog_one2one,88.6897,90.1823,100,100,1
ENSG00000154099,ENSG00000154099.18,ENST00000567918,ENST00000567918.5,DNAAF1,ENSPANG00000025135,Catarrhini,ortholog_one2one,88.6897,90.1823,100,100,1
ENSG00000154099,ENSG00000154099.18,ENST00000563093,ENST00000563093.5,DNAAF1,ENSPANG00000025135,Catarrhini,ortholog_one2one,88.6897,90.1823,100,100,1
ENSG00000154099,ENSG00000154099.18,ENST00000563818,ENST00000563818.5,DNAAF1,ENSPANG00000025135,Catarrhini,ortholog_one2one,88.6897,90.1823,100,100,1
ENSG00000154099,ENSG00000154099.18,ENST00000567666,ENST00000567666.1,DNAAF1,ENSPANG00000025135,Catarrhini,ortholog_one2one,88.6897,90.1823,100,100,1
ENSG00000154099,ENSG00000154099.18,ENST00000623406,ENST00000623406.1,DNAAF1,ENSPANG00000025135,Catarrhini,ortholog_one2one,88.6897,90.1823,100,100,1
ENSG00000154099,ENSG00000154099.18,ENST00000562024,ENST00000562024.1,DNAAF1,ENSPANG00000025135,Catarrhini,ortholog_one2one,88.6897,90.1823,100,100,1
ENSG00000154099,ENSG00000154099.18,ENST00000569735,ENST00000569735.1,DNAAF1,ENSPANG00000025135,Catarrhini,ortholog_one2one,88.6897,90.1823,100,100,1
ENSG00000154099,ENSG00000154099.18,ENST00000564928,ENST00000564928.1,DNAAF1,ENSPANG00000025135,Catarrhini,ortholog_one2one,88.6897,90.1823,100,100,1
ENSG00000155761,ENSG00000155761.14,ENST00000466857,ENST00000466857.5,SPAG17,ENSPANG00000003307,Catarrhini,ortholog_one2one,94.6019,94.7297,100,100,1
ENSG00000155761,ENSG00000155761.14,ENST00000478697,ENST00000478697.5,SPAG17,ENSPANG00000003307,Catarrhini,ortholog_one2one,94.6019,94.7297,100,100,1
ENSG00000155761,ENSG00000155761.14,ENST00000336338,ENST00000336338.10,SPAG17,ENSPANG00000003307,Catarrhini,ortholog_one2one,94.6019,94.7297,100,100,1
ENSG00000155761,ENSG00000155761.14,ENST00000469128,ENST00000469128.1,SPAG17,ENSPANG00000003307,Catarrhini,ortholog_one2one,94.6019,94.7297,100,100,1
ENSG00000155761,ENSG00000155761.14,ENST00000437255,ENST00000437255.1,SPAG17,ENSPANG00000003307,Catarrhini,ortholog_one2one,94.6019,94.7297,100,100,1
ENSG00000155761,ENSG00000155761.14,ENST00000492438,ENST00000492438.5,SPAG17,ENSPANG00000003307,Catarrhini,ortholog_one2one,94.6019,94.7297,100,100,1
ENSG00000155761,ENSG00000155761.14,ENST00000483383,ENST00000483383.1,SPAG17,ENSPANG00000003307,Catarrhini,ortholog_one2one,94.6019,94.7297,100,100,1
ENSG00000155761,ENSG00000155761.14,ENST00000470550,ENST00000470550.1,SPAG17,ENSPANG00000003307,Catarrhini,ortholog_one2one,94.6019,94.7297,100,100,1
ENSG00000155761,ENSG00000155761.14,ENST00000486589,ENST00000486589.1,SPAG17,ENSPANG00000003307,Catarrhini,ortholog_one2one,94.6019,94.7297,100,100,1
ENSG00000155761,ENSG00000155761.14,ENST00000477444,ENST00000477444.1,SPAG17,ENSPANG00000003307,Catarrhini,ortholog_one2one,94.6019,94.7297,100,100,1
ENSG00000155761,ENSG00000155761.14,ENST00000473472,ENST00000473472.1,SPAG17,ENSPANG00000003307,Catarrhini,ortholog_one2one,94.6019,94.7297,100,100,1
ENSG00000155761,ENSG00000155761.14,ENST00000463628,ENST00000463628.1,SPAG17,ENSPANG00000003307,Catarrhini,ortholog_one2one,94.6019,94.7297,100,100,1
ENSG00000155761,ENSG00000155761.14,ENST00000465053,ENST00000465053.1,SPAG17,ENSPANG00000003307,Catarrhini,ortholog_one2one,94.6019,94.7297,100,100,1
ENSG00000156042,ENSG00000156042.18,ENST00000462684,ENST00000462684.5,CFAP70,ENSPANG00000022383,Catarrhini,ortholog_one2one,98.3051,98.2175,100,100,1
ENSG00000156042,ENSG00000156042.18,ENST00000495161,ENST00000495161.5,CFAP70,ENSPANG00000022383,Catarrhini,ortholog_one2one,98.3051,98.2175,100,100,1
ENSG00000156042,ENSG00000156042.18,ENST00000433268,ENST00000433268.5,CFAP70,ENSPANG00000022383,Catarrhini,ortholog_one2one,98.3051,98.2175,100,100,1
ENSG00000156042,ENSG00000156042.18,ENST00000493787,ENST00000493787.6,CFAP70,ENSPANG00000022383,Catarrhini,ortholog_one2one,98.3051,98.2175,100,100,1
ENSG00000156042,ENSG00000156042.18,ENST00000340329,ENST00000340329.7,CFAP70,ENSPANG00000022383,Catarrhini,ortholog_one2one,98.3051,98.2175,100,100,1
ENSG00000156042,ENSG00000156042.18,ENST00000355577,ENST00000355577.8,CFAP70,ENSPANG00000022383,Catarrhini,ortholog_one2one,98.3051,98.2175,100,100,1
ENSG00000156042,ENSG00000156042.18,ENST00000310715,ENST00000310715.7,CFAP70,ENSPANG00000022383,Catarrhini,ortholog_one2one,98.3051,98.2175,100,100,1
ENSG00000156042,ENSG00000156042.18,ENST00000394865,ENST00000394865.2,CFAP70,ENSPANG00000022383,Catarrhini,ortholog_one2one,98.3051,98.2175,100,100,1
ENSG00000157423,ENSG00000157423.18,ENST00000393567,ENST00000393567.7,HYDIN,ENSPANG00000005685,Catarrhini,ortholog_one2one,95.3915,95.5034,100,100,1
ENSG00000157423,ENSG00000157423.18,ENST00000378856,ENST00000378856.8,HYDIN,ENSPANG00000005685,Catarrhini,ortholog_one2one,95.3915,95.5034,100,100,1
ENSG00000157423,ENSG00000157423.18,ENST00000542283,ENST00000542283.1,HYDIN,ENSPANG00000005685,Catarrhini,ortholog_one2one,95.3915,95.5034,100,100,1
ENSG00000157423,ENSG00000157423.18,ENST00000546257,ENST00000546257.1,HYDIN,ENSPANG00000005685,Catarrhini,ortholog_one2one,95.3915,95.5034,100,100,1
ENSG00000157423,ENSG00000157423.18,ENST00000309900,ENST00000309900.11,HYDIN,ENSPANG00000005685,Catarrhini,ortholog_one2one,95.3915,95.5034,100,100,1
ENSG00000157423,ENSG00000157423.18,ENST00000543521,ENST00000543521.1,HYDIN,ENSPANG00000005685,Catarrhini,ortholog_one2one,95.3915,95.5034,100,100,1
ENSG00000157423,ENSG00000157423.18,ENST00000546297,ENST00000546297.2,HYDIN,ENSPANG00000005685,Catarrhini,ortholog_one2one,95.3915,95.5034,100,100,1
ENSG00000157423,ENSG00000157423.18,ENST00000393552,ENST00000393552.6,HYDIN,ENSPANG00000005685,Catarrhini,ortholog_one2one,95.3915,95.5034,100,100,1
ENSG00000157423,ENSG00000157423.18,ENST00000538568,ENST00000538568.5,HYDIN,ENSPANG00000005685,Catarrhini,ortholog_one2one,95.3915,95.5034,100,100,1
ENSG00000157423,ENSG00000157423.18,ENST00000539447,ENST00000539447.5,HYDIN,ENSPANG00000005685,Catarrhini,ortholog_one2one,95.3915,95.5034,100,100,1
ENSG00000157423,ENSG00000157423.18,ENST00000321489,ENST00000321489.9,HYDIN,ENSPANG00000005685,Catarrhini,ortholog_one2one,95.3915,95.5034,100,100,1
ENSG00000157423,ENSG00000157423.18,ENST00000538248,ENST00000538248.5,HYDIN,ENSPANG00000005685,Catarrhini,ortholog_one2one,95.3915,95.5034,100,100,1
ENSG00000157423,ENSG00000157423.18,ENST00000545230,ENST00000545230.5,HYDIN,ENSPANG00000005685,Catarrhini,ortholog_one2one,95.3915,95.5034,100,100,1
ENSG00000157423,ENSG00000157423.18,ENST00000540892,ENST00000540892.1,HYDIN,ENSPANG00000005685,Catarrhini,ortholog_one2one,95.3915,95.5034,100,100,1
ENSG00000157423,ENSG00000157423.18,ENST00000541601,ENST00000541601.5,HYDIN,ENSPANG00000005685,Catarrhini,ortholog_one2one,95.3915,95.5034,100,100,1
ENSG00000157423,ENSG00000157423.18,ENST00000288168,ENST00000288168.14,HYDIN,ENSPANG00000005685,Catarrhini,ortholog_one2one,95.3915,95.5034,100,100,1
ENSG00000157423,ENSG00000157423.18,ENST00000542890,ENST00000542890.1,HYDIN,ENSPANG00000005685,Catarrhini,ortholog_one2one,95.3915,95.5034,100,100,1
ENSG00000157423,ENSG00000157423.18,ENST00000543639,ENST00000543639.1,HYDIN,ENSPANG00000005685,Catarrhini,ortholog_one2one,95.3915,95.5034,100,100,1
ENSG00000157423,ENSG00000157423.18,ENST00000538382,ENST00000538382.1,HYDIN,ENSPANG00000005685,Catarrhini,ortholog_one2one,95.3915,95.5034,100,100,1
ENSG00000157423,ENSG00000157423.18,ENST00000536785,ENST00000536785.1,HYDIN,ENSPANG00000005685,Catarrhini,ortholog_one2one,95.3915,95.5034,100,100,1
ENSG00000157423,ENSG00000157423.18,ENST00000537789,ENST00000537789.1,HYDIN,ENSPANG00000005685,Catarrhini,ortholog_one2one,95.3915,95.5034,100,100,1
ENSG00000157423,ENSG00000157423.18,ENST00000539973,ENST00000539973.5,HYDIN,ENSPANG00000005685,Catarrhini,ortholog_one2one,95.3915,95.5034,100,100,1
ENSG00000157423,ENSG00000157423.18,ENST00000545267,ENST00000545267.1,HYDIN,ENSPANG00000005685,Catarrhini,ortholog_one2one,95.3915,95.5034,100,100,1
ENSG00000158023,ENSG00000158023.10,ENST00000288912,ENST00000288912.9,CFAP251,ENSPANG00000010983,Catarrhini,ortholog_one2one,95.3003,95.0521,100,100,1
ENSG00000158023,ENSG00000158023.10,ENST00000397454,ENST00000397454.2,CFAP251,ENSPANG00000010983,Catarrhini,ortholog_one2one,95.3003,95.0521,100,100,1
ENSG00000158023,ENSG00000158023.10,ENST00000540779,ENST00000540779.1,CFAP251,ENSPANG00000010983,Catarrhini,ortholog_one2one,95.3003,95.0521,100,100,1
ENSG00000158023,ENSG00000158023.10,ENST00000546044,ENST00000546044.1,CFAP251,ENSPANG00000010983,Catarrhini,ortholog_one2one,95.3003,95.0521,100,100,1
ENSG00000158023,ENSG00000158023.10,ENST00000543211,ENST00000543211.5,CFAP251,ENSPANG00000010983,Catarrhini,ortholog_one2one,95.3003,95.0521,100,100,1
ENSG00000158023,ENSG00000158023.10,ENST00000535257,ENST00000535257.1,CFAP251,ENSPANG00000010983,Catarrhini,ortholog_one2one,95.3003,95.0521,100,100,1
ENSG00000158023,ENSG00000158023.10,ENST00000545752,ENST00000545752.1,CFAP251,ENSPANG00000010983,Catarrhini,ortholog_one2one,95.3003,95.0521,100,100,1
ENSG00000158023,ENSG00000158023.10,ENST00000428465,ENST00000428465.2,CFAP251,ENSPANG00000010983,Catarrhini,ortholog_one2one,95.3003,95.0521,100,100,1
ENSG00000158023,ENSG00000158023.10,ENST00000545988,ENST00000545988.1,CFAP251,ENSPANG00000010983,Catarrhini,ortholog_one2one,95.3003,95.0521,100,100,1
ENSG00000160188,ENSG00000160188.10,ENST00000291536,ENST00000291536.8,RSPH1,ENSPANG00000014558,Catarrhini,ortholog_one2one,94.822,85.4227,100,100,1
ENSG00000160188,ENSG00000160188.10,ENST00000493019,ENST00000493019.1,RSPH1,ENSPANG00000014558,Catarrhini,ortholog_one2one,94.822,85.4227,100,100,1
ENSG00000160188,ENSG00000160188.10,ENST00000398352,ENST00000398352.3,RSPH1,ENSPANG00000014558,Catarrhini,ortholog_one2one,94.822,85.4227,100,100,1
ENSG00000164818,ENSG00000164818.16,ENST00000297440,ENST00000297440.11,DNAAF5,ENSPANG00000018764,Catarrhini,ortholog_one2one,94.9708,94.9708,50,100,1
ENSG00000164818,ENSG00000164818.16,ENST00000437419,ENST00000437419.5,DNAAF5,ENSPANG00000018764,Catarrhini,ortholog_one2one,94.9708,94.9708,50,100,1
ENSG00000164818,ENSG00000164818.16,ENST00000438961,ENST00000438961.1,DNAAF5,ENSPANG00000018764,Catarrhini,ortholog_one2one,94.9708,94.9708,50,100,1
ENSG00000164818,ENSG00000164818.16,ENST00000440747,ENST00000440747.5,DNAAF5,ENSPANG00000018764,Catarrhini,ortholog_one2one,94.9708,94.9708,50,100,1
ENSG00000164818,ENSG00000164818.16,ENST00000491496,ENST00000491496.1,DNAAF5,ENSPANG00000018764,Catarrhini,ortholog_one2one,94.9708,94.9708,50,100,1
ENSG00000164818,ENSG00000164818.16,ENST00000403952,ENST00000403952.3,DNAAF5,ENSPANG00000018764,Catarrhini,ortholog_one2one,94.9708,94.9708,50,100,1
ENSG00000164818,ENSG00000164818.16,ENST00000486546,ENST00000486546.1,DNAAF5,ENSPANG00000018764,Catarrhini,ortholog_one2one,94.9708,94.9708,50,100,1
ENSG00000164818,ENSG00000164818.16,ENST00000461576,ENST00000461576.1,DNAAF5,ENSPANG00000018764,Catarrhini,ortholog_one2one,94.9708,94.9708,50,100,1
ENSG00000165506,ENSG00000165506.15,ENST00000298292,ENST00000298292.13,DNAAF2,ENSPANG00000000616,Catarrhini,ortholog_one2one,93.3094,93.087,100,100,1
ENSG00000165506,ENSG00000165506.15,ENST00000406043,ENST00000406043.3,DNAAF2,ENSPANG00000000616,Catarrhini,ortholog_one2one,93.3094,93.087,100,100,1
ENSG00000166762,ENSG00000166762.19,ENST00000396879,ENST00000396879.8,,ENSPANG00000030266,Catarrhini,ortholog_one2many,30.1887,86.0215,100,100,0
ENSG00000166762,ENSG00000166762.19,ENST00000396879,ENST00000396879.8,CATSPER2,ENSPANG00000031176,Catarrhini,ortholog_one2many,92.6415,91.9476,100,100,1
ENSG00000166762,ENSG00000166762.19,ENST00000381761,ENST00000381761.6,,ENSPANG00000030266,Catarrhini,ortholog_one2many,30.1887,86.0215,100,100,0
ENSG00000166762,ENSG00000166762.19,ENST00000381761,ENST00000381761.6,CATSPER2,ENSPANG00000031176,Catarrhini,ortholog_one2many,92.6415,91.9476,100,100,1
ENSG00000166762,ENSG00000166762.19,ENST00000450810,ENST00000450810.5,,ENSPANG00000030266,Catarrhini,ortholog_one2many,30.1887,86.0215,100,100,0
ENSG00000166762,ENSG00000166762.19,ENST00000450810,ENST00000450810.5,CATSPER2,ENSPANG00000031176,Catarrhini,ortholog_one2many,92.6415,91.9476,100,100,1
ENSG00000166762,ENSG00000166762.19,ENST00000321596,ENST00000321596.6,,ENSPANG00000030266,Catarrhini,ortholog_one2many,30.1887,86.0215,100,100,0
ENSG00000166762,ENSG00000166762.19,ENST00000321596,ENST00000321596.6,CATSPER2,ENSPANG00000031176,Catarrhini,ortholog_one2many,92.6415,91.9476,100,100,1
ENSG00000166762,ENSG00000166762.19,ENST00000469461,ENST00000469461.6,,ENSPANG00000030266,Catarrhini,ortholog_one2many,30.1887,86.0215,100,100,0
ENSG00000166762,ENSG00000166762.19,ENST00000469461,ENST00000469461.6,CATSPER2,ENSPANG00000031176,Catarrhini,ortholog_one2many,92.6415,91.9476,100,100,1
ENSG00000166762,ENSG00000166762.19,ENST00000433380,ENST00000433380.5,,ENSPANG00000030266,Catarrhini,ortholog_one2many,30.1887,86.0215,100,100,0
ENSG00000166762,ENSG00000166762.19,ENST00000433380,ENST00000433380.5,CATSPER2,ENSPANG00000031176,Catarrhini,ortholog_one2many,92.6415,91.9476,100,100,1
ENSG00000166762,ENSG00000166762.19,ENST00000419262,ENST00000419262.1,,ENSPANG00000030266,Catarrhini,ortholog_one2many,30.1887,86.0215,100,100,0
ENSG00000166762,ENSG00000166762.19,ENST00000419262,ENST00000419262.1,CATSPER2,ENSPANG00000031176,Catarrhini,ortholog_one2many,92.6415,91.9476,100,100,1
ENSG00000166762,ENSG00000166762.19,ENST00000472960,ENST00000472960.1,,ENSPANG00000030266,Catarrhini,ortholog_one2many,30.1887,86.0215,100,100,0
ENSG00000166762,ENSG00000166762.19,ENST00000472960,ENST00000472960.1,CATSPER2,ENSPANG00000031176,Catarrhini,ortholog_one2many,92.6415,91.9476,100,100,1
ENSG00000166762,ENSG00000166762.19,ENST00000415968,ENST00000415968.2,,ENSPANG00000030266,Catarrhini,ortholog_one2many,30.1887,86.0215,100,100,0
ENSG00000166762,ENSG00000166762.19,ENST00000415968,ENST00000415968.2,CATSPER2,ENSPANG00000031176,Catarrhini,ortholog_one2many,92.6415,91.9476,100,100,1
ENSG00000166762,ENSG00000166762.19,ENST00000464721,ENST00000464721.5,,ENSPANG00000030266,Catarrhini,ortholog_one2many,30.1887,86.0215,100,100,0
ENSG00000166762,ENSG00000166762.19,ENST00000464721,ENST00000464721.5,CATSPER2,ENSPANG00000031176,Catarrhini,ortholog_one2many,92.6415,91.9476,100,100,1
ENSG00000166762,ENSG00000166762.19,ENST00000432420,ENST00000432420.5,,ENSPANG00000030266,Catarrhini,ortholog_one2many,30.1887,86.0215,100,100,0
ENSG00000166762,ENSG00000166762.19,ENST00000432420,ENST00000432420.5,CATSPER2,ENSPANG00000031176,Catarrhini,ortholog_one2many,92.6415,91.9476,100,100,1
ENSG00000166762,ENSG00000166762.19,ENST00000409481,ENST00000409481.1,,ENSPANG00000030266,Catarrhini,ortholog_one2many,30.1887,86.0215,100,100,0
ENSG00000166762,ENSG00000166762.19,ENST00000409481,ENST00000409481.1,CATSPER2,ENSPANG00000031176,Catarrhini,ortholog_one2many,92.6415,91.9476,100,100,1
ENSG00000167646,ENSG00000167646.14,ENST00000533527,ENST00000533527.6,,ENSPANG00000012785,Catarrhini,ortholog_one2many,93.9002,84.808,100,100,1
ENSG00000167646,ENSG00000167646.14,ENST00000524407,ENST00000524407.7,,ENSPANG00000012785,Catarrhini,ortholog_one2many,93.9002,84.808,100,100,1
ENSG00000167646,ENSG00000167646.14,ENST00000528412,ENST00000528412.5,,ENSPANG00000012785,Catarrhini,ortholog_one2many,93.9002,84.808,100,100,1
ENSG00000167646,ENSG00000167646.14,ENST00000527223,ENST00000527223.6,,ENSPANG00000012785,Catarrhini,ortholog_one2many,93.9002,84.808,100,100,1
ENSG00000167646,ENSG00000167646.14,ENST00000391720,ENST00000391720.8,,ENSPANG00000012785,Catarrhini,ortholog_one2many,93.9002,84.808,100,100,1
ENSG00000167646,ENSG00000167646.14,ENST00000587789,ENST00000587789.2,,ENSPANG00000012785,Catarrhini,ortholog_one2many,93.9002,84.808,100,100,1
ENSG00000167646,ENSG00000167646.14,ENST00000588076,ENST00000588076.1,,ENSPANG00000012785,Catarrhini,ortholog_one2many,93.9002,84.808,100,100,1
ENSG00000167646,ENSG00000167646.14,ENST00000527292,ENST00000527292.5,,ENSPANG00000012785,Catarrhini,ortholog_one2many,93.9002,84.808,100,100,1
ENSG00000167646,ENSG00000167646.14,ENST00000526959,ENST00000526959.5,,ENSPANG00000012785,Catarrhini,ortholog_one2many,93.9002,84.808,100,100,1
ENSG00000167646,ENSG00000167646.14,ENST00000527166,ENST00000527166.1,,ENSPANG00000012785,Catarrhini,ortholog_one2many,93.9002,84.808,100,100,1
ENSG00000167646,ENSG00000167646.14,ENST00000526003,ENST00000526003.5,,ENSPANG00000012785,Catarrhini,ortholog_one2many,93.9002,84.808,100,100,1
ENSG00000167646,ENSG00000167646.14,ENST00000534170,ENST00000534170.5,,ENSPANG00000012785,Catarrhini,ortholog_one2many,93.9002,84.808,100,100,1
ENSG00000167646,ENSG00000167646.14,ENST00000532817,ENST00000532817.5,,ENSPANG00000012785,Catarrhini,ortholog_one2many,93.9002,84.808,100,100,1
ENSG00000167646,ENSG00000167646.14,ENST00000534214,ENST00000534214.1,,ENSPANG00000012785,Catarrhini,ortholog_one2many,93.9002,84.808,100,100,1
ENSG00000167646,ENSG00000167646.14,ENST00000528476,ENST00000528476.1,,ENSPANG00000012785,Catarrhini,ortholog_one2many,93.9002,84.808,100,100,1
ENSG00000167646,ENSG00000167646.14,ENST00000586877,ENST00000586877.1,,ENSPANG00000012785,Catarrhini,ortholog_one2many,93.9002,84.808,100,100,1
ENSG00000167646,ENSG00000167646.14,ENST00000455045,ENST00000455045.5,,ENSPANG00000012785,Catarrhini,ortholog_one2many,93.9002,84.808,100,100,1
ENSG00000168026,ENSG00000168026.19,ENST00000431162,ENST00000431162.6,TTC21A,ENSPANG00000015970,Catarrhini,ortholog_one2one,97.1059,96.5178,100,100,1
ENSG00000168026,ENSG00000168026.19,ENST00000479954,ENST00000479954.5,TTC21A,ENSPANG00000015970,Catarrhini,ortholog_one2one,97.1059,96.5178,100,100,1
ENSG00000168026,ENSG00000168026.19,ENST00000430597,ENST00000430597.6,TTC21A,ENSPANG00000015970,Catarrhini,ortholog_one2one,97.1059,96.5178,100,100,1
ENSG00000168026,ENSG00000168026.19,ENST00000493337,ENST00000493337.5,TTC21A,ENSPANG00000015970,Catarrhini,ortholog_one2one,97.1059,96.5178,100,100,1
ENSG00000168026,ENSG00000168026.19,ENST00000431559,ENST00000431559.5,TTC21A,ENSPANG00000015970,Catarrhini,ortholog_one2one,97.1059,96.5178,100,100,1
ENSG00000168026,ENSG00000168026.19,ENST00000490036,ENST00000490036.5,TTC21A,ENSPANG00000015970,Catarrhini,ortholog_one2one,97.1059,96.5178,100,100,1
ENSG00000168026,ENSG00000168026.19,ENST00000459702,ENST00000459702.1,TTC21A,ENSPANG00000015970,Catarrhini,ortholog_one2one,97.1059,96.5178,100,100,1
ENSG00000168026,ENSG00000168026.19,ENST00000425163,ENST00000425163.5,TTC21A,ENSPANG00000015970,Catarrhini,ortholog_one2one,97.1059,96.5178,100,100,1
ENSG00000168026,ENSG00000168026.19,ENST00000440121,ENST00000440121.1,TTC21A,ENSPANG00000015970,Catarrhini,ortholog_one2one,97.1059,96.5178,100,100,1
ENSG00000168026,ENSG00000168026.19,ENST00000466875,ENST00000466875.1,TTC21A,ENSPANG00000015970,Catarrhini,ortholog_one2one,97.1059,96.5178,100,100,1
ENSG00000168026,ENSG00000168026.19,ENST00000471025,ENST00000471025.1,TTC21A,ENSPANG00000015970,Catarrhini,ortholog_one2one,97.1059,96.5178,100,100,1
ENSG00000168026,ENSG00000168026.19,ENST00000473587,ENST00000473587.1,TTC21A,ENSPANG00000015970,Catarrhini,ortholog_one2one,97.1059,96.5178,100,100,1
ENSG00000168026,ENSG00000168026.19,ENST00000472866,ENST00000472866.6,TTC21A,ENSPANG00000015970,Catarrhini,ortholog_one2one,97.1059,96.5178,100,100,1
ENSG00000168026,ENSG00000168026.19,ENST00000493856,ENST00000493856.5,TTC21A,ENSPANG00000015970,Catarrhini,ortholog_one2one,97.1059,96.5178,100,100,1
ENSG00000168026,ENSG00000168026.19,ENST00000481734,ENST00000481734.1,TTC21A,ENSPANG00000015970,Catarrhini,ortholog_one2one,97.1059,96.5178,100,100,1
ENSG00000168026,ENSG00000168026.19,ENST00000465962,ENST00000465962.1,TTC21A,ENSPANG00000015970,Catarrhini,ortholog_one2one,97.1059,96.5178,100,100,1
ENSG00000168026,ENSG00000168026.19,ENST00000490245,ENST00000490245.1,TTC21A,ENSPANG00000015970,Catarrhini,ortholog_one2one,97.1059,96.5178,100,100,1
ENSG00000168026,ENSG00000168026.19,ENST00000460460,ENST00000460460.1,TTC21A,ENSPANG00000015970,Catarrhini,ortholog_one2one,97.1059,96.5178,100,100,1
ENSG00000168026,ENSG00000168026.19,ENST00000683103,ENST00000683103.1,TTC21A,ENSPANG00000015970,Catarrhini,ortholog_one2one,97.1059,96.5178,100,100,1
ENSG00000171595,ENSG00000171595.14,ENST00000582036,ENST00000582036.5,,ENSPANG00000016932,Catarrhini,ortholog_one2one,76.0331,78.7671,25,66.07,0
ENSG00000171595,ENSG00000171595.14,ENST00000579055,ENST00000579055.5,,ENSPANG00000016932,Catarrhini,ortholog_one2one,76.0331,78.7671,25,66.07,0
ENSG00000171595,ENSG00000171595.14,ENST00000311014,ENST00000311014.11,,ENSPANG00000016932,Catarrhini,ortholog_one2one,76.0331,78.7671,25,66.07,0
ENSG00000171595,ENSG00000171595.14,ENST00000579490,ENST00000579490.5,,ENSPANG00000016932,Catarrhini,ortholog_one2one,76.0331,78.7671,25,66.07,0
ENSG00000171595,ENSG00000171595.14,ENST00000579312,ENST00000579312.1,,ENSPANG00000016932,Catarrhini,ortholog_one2one,76.0331,78.7671,25,66.07,0
ENSG00000171595,ENSG00000171595.14,ENST00000446837,ENST00000446837.2,,ENSPANG00000016932,Catarrhini,ortholog_one2one,76.0331,78.7671,25,66.07,0
ENSG00000172426,ENSG00000172426.16,ENST00000372163,ENST00000372163.5,RSPH9,ENSPANG00000030372,Catarrhini,ortholog_one2one,81.8841,92.6229,100,100,1
ENSG00000172426,ENSG00000172426.16,ENST00000372165,ENST00000372165.8,RSPH9,ENSPANG00000030372,Catarrhini,ortholog_one2one,81.8841,92.6229,100,100,1
ENSG00000174799,ENSG00000174799.11,ENST00000422247,ENST00000422247.6,CEP135,ENSPANG00000007654,Catarrhini,ortholog_one2one,96.4912,97.2591,100,99.79,1
ENSG00000174799,ENSG00000174799.11,ENST00000506809,ENST00000506809.1,CEP135,ENSPANG00000007654,Catarrhini,ortholog_one2one,96.4912,97.2591,100,99.79,1
ENSG00000174799,ENSG00000174799.11,ENST00000257287,ENST00000257287.5,CEP135,ENSPANG00000007654,Catarrhini,ortholog_one2one,96.4912,97.2591,100,99.79,1
ENSG00000174799,ENSG00000174799.11,ENST00000515081,ENST00000515081.1,CEP135,ENSPANG00000007654,Catarrhini,ortholog_one2one,96.4912,97.2591,100,99.79,1
ENSG00000174799,ENSG00000174799.11,ENST00000506202,ENST00000506202.1,CEP135,ENSPANG00000007654,Catarrhini,ortholog_one2one,96.4912,97.2591,100,99.79,1
ENSG00000175294,ENSG00000175294.6,ENST00000312106,ENST00000312106.6,CATSPER1,ENSPANG00000004689,Catarrhini,ortholog_one2one,85.1282,87.1391,100,100,1
ENSG00000175294,ENSG00000175294.6,ENST00000529244,ENST00000529244.1,CATSPER1,ENSPANG00000004689,Catarrhini,ortholog_one2one,85.1282,87.1391,100,100,1
ENSG00000179299,ENSG00000179299.17,ENST00000381782,ENST00000381782.7,NSUN7,ENSPANG00000001045,Catarrhini,ortholog_one2one,95.6824,95.8159,100,100,1
ENSG00000179299,ENSG00000179299.17,ENST00000316607,ENST00000316607.5,NSUN7,ENSPANG00000001045,Catarrhini,ortholog_one2one,95.6824,95.8159,100,100,1
ENSG00000179299,ENSG00000179299.17,ENST00000473399,ENST00000473399.5,NSUN7,ENSPANG00000001045,Catarrhini,ortholog_one2one,95.6824,95.8159,100,100,1
ENSG00000179299,ENSG00000179299.17,ENST00000463952,ENST00000463952.5,NSUN7,ENSPANG00000001045,Catarrhini,ortholog_one2one,95.6824,95.8159,100,100,1
ENSG00000179299,ENSG00000179299.17,ENST00000469033,ENST00000469033.1,NSUN7,ENSPANG00000001045,Catarrhini,ortholog_one2one,95.6824,95.8159,100,100,1
ENSG00000179299,ENSG00000179299.17,ENST00000423784,ENST00000423784.5,NSUN7,ENSPANG00000001045,Catarrhini,ortholog_one2one,95.6824,95.8159,100,100,1
ENSG00000179299,ENSG00000179299.17,ENST00000478857,ENST00000478857.1,NSUN7,ENSPANG00000001045,Catarrhini,ortholog_one2one,95.6824,95.8159,100,100,1
ENSG00000179397,ENSG00000179397.18,ENST00000473875,ENST00000473875.5,CATSPERE,ENSPANG00000029860,Catarrhini,ortholog_one2one,87.8023,87.8023,100,100,1
ENSG00000179397,ENSG00000179397.18,ENST00000366534,ENST00000366534.9,CATSPERE,ENSPANG00000029860,Catarrhini,ortholog_one2one,87.8023,87.8023,100,100,1
ENSG00000179397,ENSG00000179397.18,ENST00000460986,ENST00000460986.5,CATSPERE,ENSPANG00000029860,Catarrhini,ortholog_one2one,87.8023,87.8023,100,100,1
ENSG00000179397,ENSG00000179397.18,ENST00000366533,ENST00000366533.8,CATSPERE,ENSPANG00000029860,Catarrhini,ortholog_one2one,87.8023,87.8023,100,100,1
ENSG00000179397,ENSG00000179397.18,ENST00000478554,ENST00000478554.5,CATSPERE,ENSPANG00000029860,Catarrhini,ortholog_one2one,87.8023,87.8023,100,100,1
ENSG00000179397,ENSG00000179397.18,ENST00000428042,ENST00000428042.1,CATSPERE,ENSPANG00000029860,Catarrhini,ortholog_one2one,87.8023,87.8023,100,100,1
ENSG00000179397,ENSG00000179397.18,ENST00000464170,ENST00000464170.1,CATSPERE,ENSPANG00000029860,Catarrhini,ortholog_one2one,87.8023,87.8023,100,100,1
ENSG00000179397,ENSG00000179397.18,ENST00000485888,ENST00000485888.1,CATSPERE,ENSPANG00000029860,Catarrhini,ortholog_one2one,87.8023,87.8023,100,100,1
ENSG00000179397,ENSG00000179397.18,ENST00000487449,ENST00000487449.1,CATSPERE,ENSPANG00000029860,Catarrhini,ortholog_one2one,87.8023,87.8023,100,100,1
ENSG00000179397,ENSG00000179397.18,ENST00000366531,ENST00000366531.7,CATSPERE,ENSPANG00000029860,Catarrhini,ortholog_one2one,87.8023,87.8023,100,100,1
ENSG00000181378,ENSG00000181378.14,ENST00000341552,ENST00000341552.10,CFAP65,ENSPANG00000030993,Catarrhini,ortholog_one2one,95.1169,95.1169,100,100,1
ENSG00000181378,ENSG00000181378.14,ENST00000453220,ENST00000453220.5,CFAP65,ENSPANG00000030993,Catarrhini,ortholog_one2one,95.1169,95.1169,100,100,1
ENSG00000181378,ENSG00000181378.14,ENST00000413871,ENST00000413871.1,CFAP65,ENSPANG00000030993,Catarrhini,ortholog_one2one,95.1169,95.1169,100,100,1
ENSG00000181378,ENSG00000181378.14,ENST00000462848,ENST00000462848.5,CFAP65,ENSPANG00000030993,Catarrhini,ortholog_one2one,95.1169,95.1169,100,100,1
ENSG00000181378,ENSG00000181378.14,ENST00000474601,ENST00000474601.1,CFAP65,ENSPANG00000030993,Catarrhini,ortholog_one2one,95.1169,95.1169,100,100,1
ENSG00000181378,ENSG00000181378.14,ENST00000441968,ENST00000441968.5,CFAP65,ENSPANG00000030993,Catarrhini,ortholog_one2one,95.1169,95.1169,100,100,1
ENSG00000181378,ENSG00000181378.14,ENST00000463683,ENST00000463683.1,CFAP65,ENSPANG00000030993,Catarrhini,ortholog_one2one,95.1169,95.1169,100,100,1
ENSG00000181378,ENSG00000181378.14,ENST00000409865,ENST00000409865.7,CFAP65,ENSPANG00000030993,Catarrhini,ortholog_one2one,95.1169,95.1169,100,100,1
ENSG00000181378,ENSG00000181378.14,ENST00000410037,ENST00000410037.5,CFAP65,ENSPANG00000030993,Catarrhini,ortholog_one2one,95.1169,95.1169,100,100,1
ENSG00000181378,ENSG00000181378.14,ENST00000457968,ENST00000457968.5,CFAP65,ENSPANG00000030993,Catarrhini,ortholog_one2one,95.1169,95.1169,100,100,1
ENSG00000181378,ENSG00000181378.14,ENST00000436631,ENST00000436631.5,CFAP65,ENSPANG00000030993,Catarrhini,ortholog_one2one,95.1169,95.1169,100,100,1
ENSG00000181378,ENSG00000181378.14,ENST00000295729,ENST00000295729.6,CFAP65,ENSPANG00000030993,Catarrhini,ortholog_one2one,95.1169,95.1169,100,100,1
ENSG00000181378,ENSG00000181378.14,ENST00000458526,ENST00000458526.1,CFAP65,ENSPANG00000030993,Catarrhini,ortholog_one2one,95.1169,95.1169,100,100,1
ENSG00000183833,ENSG00000183833.16,ENST00000468630,ENST00000468630.5,,ENSPANG00000009687,Catarrhini,ortholog_one2many,97.0013,97.0013,100,100,1
ENSG00000183833,ENSG00000183833.16,ENST00000273390,ENST00000273390.9,,ENSPANG00000009687,Catarrhini,ortholog_one2many,97.0013,97.0013,100,100,1
ENSG00000183833,ENSG00000183833.16,ENST00000482573,ENST00000482573.5,,ENSPANG00000009687,Catarrhini,ortholog_one2many,97.0013,97.0013,100,100,1
ENSG00000183833,ENSG00000183833.16,ENST00000463700,ENST00000463700.1,,ENSPANG00000009687,Catarrhini,ortholog_one2many,97.0013,97.0013,100,100,1
ENSG00000183833,ENSG00000183833.16,ENST00000482927,ENST00000482927.5,,ENSPANG00000009687,Catarrhini,ortholog_one2many,97.0013,97.0013,100,100,1
ENSG00000183833,ENSG00000183833.16,ENST00000488533,ENST00000488533.5,,ENSPANG00000009687,Catarrhini,ortholog_one2many,97.0013,97.0013,100,100,1
ENSG00000183833,ENSG00000183833.16,ENST00000469659,ENST00000469659.5,,ENSPANG00000009687,Catarrhini,ortholog_one2many,97.0013,97.0013,100,100,1
ENSG00000183833,ENSG00000183833.16,ENST00000475093,ENST00000475093.5,,ENSPANG00000009687,Catarrhini,ortholog_one2many,97.0013,97.0013,100,100,1
ENSG00000183833,ENSG00000183833.16,ENST00000483134,ENST00000483134.5,,ENSPANG00000009687,Catarrhini,ortholog_one2many,97.0013,97.0013,100,100,1
ENSG00000183833,ENSG00000183833.16,ENST00000498167,ENST00000498167.1,,ENSPANG00000009687,Catarrhini,ortholog_one2many,97.0013,97.0013,100,100,1
ENSG00000183833,ENSG00000183833.16,ENST00000461322,ENST00000461322.1,,ENSPANG00000009687,Catarrhini,ortholog_one2many,97.0013,97.0013,100,100,1
ENSG00000183833,ENSG00000183833.16,ENST00000470948,ENST00000470948.5,,ENSPANG00000009687,Catarrhini,ortholog_one2many,97.0013,97.0013,100,100,1
ENSG00000183833,ENSG00000183833.16,ENST00000482995,ENST00000482995.5,,ENSPANG00000009687,Catarrhini,ortholog_one2many,97.0013,97.0013,100,100,1
ENSG00000183833,ENSG00000183833.16,ENST00000472117,ENST00000472117.5,,ENSPANG00000009687,Catarrhini,ortholog_one2many,97.0013,97.0013,100,100,1
ENSG00000183833,ENSG00000183833.16,ENST00000496010,ENST00000496010.5,,ENSPANG00000009687,Catarrhini,ortholog_one2many,97.0013,97.0013,100,100,1
ENSG00000183833,ENSG00000183833.16,ENST00000475543,ENST00000475543.1,,ENSPANG00000009687,Catarrhini,ortholog_one2many,97.0013,97.0013,100,100,1
ENSG00000183914,ENSG00000183914.14,ENST00000572933,ENST00000572933.5,DNAH2,ENSPANG00000030477,Catarrhini,ortholog_one2one,97.1538,97.1538,100,100,1
ENSG00000183914,ENSG00000183914.14,ENST00000570791,ENST00000570791.5,DNAH2,ENSPANG00000030477,Catarrhini,ortholog_one2one,97.1538,97.1538,100,100,1
ENSG00000183914,ENSG00000183914.14,ENST00000389173,ENST00000389173.6,DNAH2,ENSPANG00000030477,Catarrhini,ortholog_one2one,97.1538,97.1538,100,100,1
ENSG00000183914,ENSG00000183914.14,ENST00000575498,ENST00000575498.1,DNAH2,ENSPANG00000030477,Catarrhini,ortholog_one2one,97.1538,97.1538,100,100,1
ENSG00000183914,ENSG00000183914.14,ENST00000574518,ENST00000574518.1,DNAH2,ENSPANG00000030477,Catarrhini,ortholog_one2one,97.1538,97.1538,100,100,1
ENSG00000183914,ENSG00000183914.14,ENST00000575105,ENST00000575105.1,DNAH2,ENSPANG00000030477,Catarrhini,ortholog_one2one,97.1538,97.1538,100,100,1
ENSG00000187535,ENSG00000187535.14,ENST00000361339,ENST00000361339.9,IFT140,ENSPANG00000018206,Catarrhini,ortholog_one2one,95.6908,94.8475,100,100,1
ENSG00000187535,ENSG00000187535.14,ENST00000426508,ENST00000426508.7,IFT140,ENSPANG00000018206,Catarrhini,ortholog_one2one,95.6908,94.8475,100,100,1
ENSG00000187535,ENSG00000187535.14,ENST00000565298,ENST00000565298.5,IFT140,ENSPANG00000018206,Catarrhini,ortholog_one2one,95.6908,94.8475,100,100,1
ENSG00000187535,ENSG00000187535.14,ENST00000397417,ENST00000397417.6,IFT140,ENSPANG00000018206,Catarrhini,ortholog_one2one,95.6908,94.8475,100,100,1
ENSG00000187535,ENSG00000187535.14,ENST00000568837,ENST00000568837.1,IFT140,ENSPANG00000018206,Catarrhini,ortholog_one2one,95.6908,94.8475,100,100,1
ENSG00000187535,ENSG00000187535.14,ENST00000566818,ENST00000566818.1,IFT140,ENSPANG00000018206,Catarrhini,ortholog_one2one,95.6908,94.8475,100,100,1
ENSG00000187535,ENSG00000187535.14,ENST00000439987,ENST00000439987.6,IFT140,ENSPANG00000018206,Catarrhini,ortholog_one2one,95.6908,94.8475,100,100,1
ENSG00000187535,ENSG00000187535.14,ENST00000561954,ENST00000561954.1,IFT140,ENSPANG00000018206,Catarrhini,ortholog_one2one,95.6908,94.8475,100,100,1
ENSG00000187535,ENSG00000187535.14,ENST00000566052,ENST00000566052.1,IFT140,ENSPANG00000018206,Catarrhini,ortholog_one2one,95.6908,94.8475,100,100,1
ENSG00000187535,ENSG00000187535.14,ENST00000569646,ENST00000569646.5,IFT140,ENSPANG00000018206,Catarrhini,ortholog_one2one,95.6908,94.8475,100,100,1
ENSG00000187535,ENSG00000187535.14,ENST00000569812,ENST00000569812.1,IFT140,ENSPANG00000018206,Catarrhini,ortholog_one2one,95.6908,94.8475,100,100,1
ENSG00000187726,ENSG00000187726.9,ENST00000535730,ENST00000535730.1,DNAJB13,ENSPANG00000002243,Catarrhini,ortholog_one2one,97.4684,97.4684,100,100,1
ENSG00000187726,ENSG00000187726.9,ENST00000339764,ENST00000339764.6,DNAJB13,ENSPANG00000002243,Catarrhini,ortholog_one2one,97.4684,97.4684,100,100,1
ENSG00000187726,ENSG00000187726.9,ENST00000537753,ENST00000537753.5,DNAJB13,ENSPANG00000002243,Catarrhini,ortholog_one2one,97.4684,97.4684,100,100,1
ENSG00000187726,ENSG00000187726.9,ENST00000542350,ENST00000542350.5,DNAJB13,ENSPANG00000002243,Catarrhini,ortholog_one2one,97.4684,97.4684,100,100,1
ENSG00000187726,ENSG00000187726.9,ENST00000543947,ENST00000543947.1,DNAJB13,ENSPANG00000002243,Catarrhini,ortholog_one2one,97.4684,97.4684,100,100,1
ENSG00000187775,ENSG00000187775.17,ENST00000591369,ENST00000591369.5,DNAH17,ENSPANG00000019872,Catarrhini,ortholog_one2one,96.9969,97.1057,100,99.99,1
ENSG00000187775,ENSG00000187775.17,ENST00000389840,ENST00000389840.7,DNAH17,ENSPANG00000019872,Catarrhini,ortholog_one2one,96.9969,97.1057,100,99.99,1
ENSG00000187775,ENSG00000187775.17,ENST00000590227,ENST00000590227.5,DNAH17,ENSPANG00000019872,Catarrhini,ortholog_one2one,96.9969,97.1057,100,99.99,1
ENSG00000187775,ENSG00000187775.17,ENST00000586052,ENST00000586052.5,DNAH17,ENSPANG00000019872,Catarrhini,ortholog_one2one,96.9969,97.1057,100,99.99,1
ENSG00000187775,ENSG00000187775.17,ENST00000591647,ENST00000591647.1,DNAH17,ENSPANG00000019872,Catarrhini,ortholog_one2one,96.9969,97.1057,100,99.99,1
ENSG00000187775,ENSG00000187775.17,ENST00000586850,ENST00000586850.1,DNAH17,ENSPANG00000019872,Catarrhini,ortholog_one2one,96.9969,97.1057,100,99.99,1
ENSG00000187775,ENSG00000187775.17,ENST00000592192,ENST00000592192.2,DNAH17,ENSPANG00000019872,Catarrhini,ortholog_one2one,96.9969,97.1057,100,99.99,1
ENSG00000187775,ENSG00000187775.17,ENST00000592152,ENST00000592152.1,DNAH17,ENSPANG00000019872,Catarrhini,ortholog_one2one,96.9969,97.1057,100,99.99,1
ENSG00000187775,ENSG00000187775.17,ENST00000587177,ENST00000587177.1,DNAH17,ENSPANG00000019872,Catarrhini,ortholog_one2one,96.9969,97.1057,100,99.99,1
ENSG00000187775,ENSG00000187775.17,ENST00000589793,ENST00000589793.1,DNAH17,ENSPANG00000019872,Catarrhini,ortholog_one2one,96.9969,97.1057,100,99.99,1
ENSG00000188738,ENSG00000188738.15,ENST00000424728,ENST00000424728.6,FSIP2,ENSPANG00000000578,Catarrhini,ortholog_one2one,92.0805,92.415,50,100,1
ENSG00000188738,ENSG00000188738.15,ENST00000465275,ENST00000465275.1,FSIP2,ENSPANG00000000578,Catarrhini,ortholog_one2one,92.0805,92.415,50,100,1
ENSG00000188738,ENSG00000188738.15,ENST00000469367,ENST00000469367.1,FSIP2,ENSPANG00000000578,Catarrhini,ortholog_one2one,92.0805,92.415,50,100,1
ENSG00000188738,ENSG00000188738.15,ENST00000429412,ENST00000429412.1,FSIP2,ENSPANG00000000578,Catarrhini,ortholog_one2one,92.0805,92.415,50,100,1
ENSG00000188738,ENSG00000188738.15,ENST00000415915,ENST00000415915.5,FSIP2,ENSPANG00000000578,Catarrhini,ortholog_one2one,92.0805,92.415,50,100,1
ENSG00000188738,ENSG00000188738.15,ENST00000611759,ENST00000611759.1,FSIP2,ENSPANG00000000578,Catarrhini,ortholog_one2one,92.0805,92.415,50,100,1
ENSG00000197748,ENSG00000197748.13,ENST00000357060,ENST00000357060.8,CFAP43,ENSPANG00000020924,Catarrhini,ortholog_one2one,94.5345,94.4778,100,100,1
ENSG00000197748,ENSG00000197748.13,ENST00000457071,ENST00000457071.5,CFAP43,ENSPANG00000020924,Catarrhini,ortholog_one2one,94.5345,94.4778,100,100,1
ENSG00000197748,ENSG00000197748.13,ENST00000434629,ENST00000434629.5,CFAP43,ENSPANG00000020924,Catarrhini,ortholog_one2one,94.5345,94.4778,100,100,1
ENSG00000197748,ENSG00000197748.13,ENST00000479392,ENST00000479392.1,CFAP43,ENSPANG00000020924,Catarrhini,ortholog_one2one,94.5345,94.4778,100,100,1
ENSG00000197748,ENSG00000197748.13,ENST00000278064,ENST00000278064.7,CFAP43,ENSPANG00000020924,Catarrhini,ortholog_one2one,94.5345,94.4778,100,100,1
ENSG00000197748,ENSG00000197748.13,ENST00000369720,ENST00000369720.6,CFAP43,ENSPANG00000020924,Catarrhini,ortholog_one2one,94.5345,94.4778,100,100,1
ENSG00000197748,ENSG00000197748.13,ENST00000369719,ENST00000369719.2,CFAP43,ENSPANG00000020924,Catarrhini,ortholog_one2one,94.5345,94.4778,100,100,1
ENSG00000206530,ENSG00000206530.11,ENST00000489244,ENST00000489244.1,CFAP44,ENSPANG00000003738,Catarrhini,ortholog_one2one,95.4693,95.5208,100,100,1
ENSG00000206530,ENSG00000206530.11,ENST00000393845,ENST00000393845.9,CFAP44,ENSPANG00000003738,Catarrhini,ortholog_one2one,95.4693,95.5208,100,100,1
ENSG00000206530,ENSG00000206530.11,ENST00000461734,ENST00000461734.1,CFAP44,ENSPANG00000003738,Catarrhini,ortholog_one2one,95.4693,95.5208,100,100,1
ENSG00000206530,ENSG00000206530.11,ENST00000484923,ENST00000484923.1,CFAP44,ENSPANG00000003738,Catarrhini,ortholog_one2one,95.4693,95.5208,100,100,1
ENSG00000206530,ENSG00000206530.11,ENST00000465510,ENST00000465510.1,CFAP44,ENSPANG00000003738,Catarrhini,ortholog_one2one,95.4693,95.5208,100,100,1
ENSG00000206530,ENSG00000206530.11,ENST00000490481,ENST00000490481.1,CFAP44,ENSPANG00000003738,Catarrhini,ortholog_one2one,95.4693,95.5208,100,100,1
ENSG00000206530,ENSG00000206530.11,ENST00000488854,ENST00000488854.6,CFAP44,ENSPANG00000003738,Catarrhini,ortholog_one2one,95.4693,95.5208,100,100,1
ENSG00000206530,ENSG00000206530.11,ENST00000295868,ENST00000295868.6,CFAP44,ENSPANG00000003738,Catarrhini,ortholog_one2one,95.4693,95.5208,100,100,1
ENSG00000206530,ENSG00000206530.11,ENST00000475568,ENST00000475568.1,CFAP44,ENSPANG00000003738,Catarrhini,ortholog_one2one,95.4693,95.5208,100,100,1
ENSG00000206530,ENSG00000206530.11,ENST00000465186,ENST00000465186.1,CFAP44,ENSPANG00000003738,Catarrhini,ortholog_one2one,95.4693,95.5208,100,100,1
ENSG00000206530,ENSG00000206530.11,ENST00000489938,ENST00000489938.2,CFAP44,ENSPANG00000003738,Catarrhini,ortholog_one2one,95.4693,95.5208,100,100,1
ENSG00000206530,ENSG00000206530.11,ENST00000479422,ENST00000479422.1,CFAP44,ENSPANG00000003738,Catarrhini,ortholog_one2one,95.4693,95.5208,100,100,1
ENSG00000206530,ENSG00000206530.11,ENST00000473143,ENST00000473143.1,CFAP44,ENSPANG00000003738,Catarrhini,ortholog_one2one,95.4693,95.5208,100,100,1
ENSG00000256061,ENSG00000256061.7,ENST00000524160,ENST00000524160.5,DNAAF4,ENSPANG00000017293,Catarrhini,ortholog_one2one,97.381,97.381,100,100,1
ENSG00000256061,ENSG00000256061.7,ENST00000448430,ENST00000448430.6,DNAAF4,ENSPANG00000017293,Catarrhini,ortholog_one2one,97.381,97.381,100,100,1
ENSG00000256061,ENSG00000256061.7,ENST00000457155,ENST00000457155.6,DNAAF4,ENSPANG00000017293,Catarrhini,ortholog_one2one,97.381,97.381,100,100,1
ENSG00000256061,ENSG00000256061.7,ENST00000321149,ENST00000321149.7,DNAAF4,ENSPANG00000017293,Catarrhini,ortholog_one2one,97.381,97.381,100,100,1
ENSG00000256061,ENSG00000256061.7,ENST00000522437,ENST00000522437.1,DNAAF4,ENSPANG00000017293,Catarrhini,ortholog_one2one,97.381,97.381,100,100,1
ENSG00000256061,ENSG00000256061.7,ENST00000519017,ENST00000519017.1,DNAAF4,ENSPANG00000017293,Catarrhini,ortholog_one2one,97.381,97.381,100,100,1
ENSG00000256061,ENSG00000256061.7,ENST00000348518,ENST00000348518.4,DNAAF4,ENSPANG00000017293,Catarrhini,ortholog_one2one,97.381,97.381,100,100,1
ENSG00000270765,ENSG00000270765.7,ENST00000604641,ENST00000604641.6,GAS2L2,ENSPANG00000022978,Catarrhini,ortholog_one2one,90.6818,90.785,75,100,1
