Gene stable ID,Gene stable ID version,Transcript stable ID,Transcript stable ID version,Pig-tailed macaque gene stable ID,Pig-tailed macaque gene name,Last common ancestor with Pig-tailed macaque,Pig-tailed macaque homology type,%id. target Pig-tailed macaque gene identical to query gene,%id. query gene identical to target Pig-tailed macaque gene,Pig-tailed macaque Gene-order conservation score,Pig-tailed macaque Whole-genome alignment coverage,"Pig-tailed macaque orthology confidence [0 low, 1 high]"
ENSG00000004838,ENSG00000004838.14,ENST00000490675,ENST00000490675.5,ENSMNEG00000041380,ZMYND10,Catarrhini,ortholog_one2one,98.4091,98.4091,100,100,1
ENSG00000004838,ENSG00000004838.14,ENST00000231749,ENST00000231749.8,ENSMNEG00000041380,ZMYND10,Catarrhini,ortholog_one2one,98.4091,98.4091,100,100,1
ENSG00000004838,ENSG00000004838.14,ENST00000360165,ENST00000360165.7,ENSMNEG00000041380,ZMYND10,Catarrhini,ortholog_one2one,98.4091,98.4091,100,100,1
ENSG00000004838,ENSG00000004838.14,ENST00000475688,ENST00000475688.1,ENSMNEG00000041380,ZMYND10,Catarrhini,ortholog_one2one,98.4091,98.4091,100,100,1
ENSG00000004838,ENSG00000004838.14,ENST00000442887,ENST00000442887.1,ENSMNEG00000041380,ZMYND10,Catarrhini,ortholog_one2one,98.4091,98.4091,100,100,1
ENSG00000004838,ENSG00000004838.14,ENST00000443080,ENST00000443080.5,ENSMNEG00000041380,ZMYND10,Catarrhini,ortholog_one2one,98.4091,98.4091,100,100,1
ENSG00000004838,ENSG00000004838.14,ENST00000478269,ENST00000478269.5,ENSMNEG00000041380,ZMYND10,Catarrhini,ortholog_one2one,98.4091,98.4091,100,100,1
ENSG00000004838,ENSG00000004838.14,ENST00000431869,ENST00000431869.1,ENSMNEG00000041380,ZMYND10,Catarrhini,ortholog_one2one,98.4091,98.4091,100,100,1
ENSG00000004838,ENSG00000004838.14,ENST00000468182,ENST00000468182.1,ENSMNEG00000041380,ZMYND10,Catarrhini,ortholog_one2one,98.4091,98.4091,100,100,1
ENSG00000007174,ENSG00000007174.18,ENST00000579828,ENST00000579828.5,ENSMNEG00000037143,DNAH9,Catarrhini,ortholog_one2one,96.4556,96.4556,100,100,1
ENSG00000007174,ENSG00000007174.18,ENST00000262442,ENST00000262442.9,ENSMNEG00000037143,DNAH9,Catarrhini,ortholog_one2one,96.4556,96.4556,100,100,1
ENSG00000007174,ENSG00000007174.18,ENST00000579406,ENST00000579406.1,ENSMNEG00000037143,DNAH9,Catarrhini,ortholog_one2one,96.4556,96.4556,100,100,1
ENSG00000007174,ENSG00000007174.18,ENST00000454412,ENST00000454412.6,ENSMNEG00000037143,DNAH9,Catarrhini,ortholog_one2one,96.4556,96.4556,100,100,1
ENSG00000007174,ENSG00000007174.18,ENST00000579602,ENST00000579602.1,ENSMNEG00000037143,DNAH9,Catarrhini,ortholog_one2one,96.4556,96.4556,100,100,1
ENSG00000007174,ENSG00000007174.18,ENST00000579813,ENST00000579813.1,ENSMNEG00000037143,DNAH9,Catarrhini,ortholog_one2one,96.4556,96.4556,100,100,1
ENSG00000007174,ENSG00000007174.18,ENST00000585197,ENST00000585197.1,ENSMNEG00000037143,DNAH9,Catarrhini,ortholog_one2one,96.4556,96.4556,100,100,1
ENSG00000007174,ENSG00000007174.18,ENST00000583192,ENST00000583192.1,ENSMNEG00000037143,DNAH9,Catarrhini,ortholog_one2one,96.4556,96.4556,100,100,1
ENSG00000007174,ENSG00000007174.18,ENST00000584663,ENST00000584663.1,ENSMNEG00000037143,DNAH9,Catarrhini,ortholog_one2one,96.4556,96.4556,100,100,1
ENSG00000007174,ENSG00000007174.18,ENST00000578834,ENST00000578834.1,ENSMNEG00000037143,DNAH9,Catarrhini,ortholog_one2one,96.4556,96.4556,100,100,1
ENSG00000007174,ENSG00000007174.18,ENST00000579703,ENST00000579703.1,ENSMNEG00000037143,DNAH9,Catarrhini,ortholog_one2one,96.4556,96.4556,100,100,1
ENSG00000007174,ENSG00000007174.18,ENST00000580255,ENST00000580255.1,ENSMNEG00000037143,DNAH9,Catarrhini,ortholog_one2one,96.4556,96.4556,100,100,1
ENSG00000007174,ENSG00000007174.18,ENST00000608377,ENST00000608377.5,ENSMNEG00000037143,DNAH9,Catarrhini,ortholog_one2one,96.4556,96.4556,100,100,1
ENSG00000007174,ENSG00000007174.18,ENST00000396001,ENST00000396001.6,ENSMNEG00000037143,DNAH9,Catarrhini,ortholog_one2one,96.4556,96.4556,100,100,1
ENSG00000007174,ENSG00000007174.18,ENST00000581682,ENST00000581682.1,ENSMNEG00000037143,DNAH9,Catarrhini,ortholog_one2one,96.4556,96.4556,100,100,1
ENSG00000008710,ENSG00000008710.20,ENST00000262304,ENST00000262304.9,ENSMNEG00000043046,PKD1,Catarrhini,ortholog_one2one,94.0042,94.0042,100,100,1
ENSG00000008710,ENSG00000008710.20,ENST00000423118,ENST00000423118.5,ENSMNEG00000043046,PKD1,Catarrhini,ortholog_one2one,94.0042,94.0042,100,100,1
ENSG00000008710,ENSG00000008710.20,ENST00000472577,ENST00000472577.1,ENSMNEG00000043046,PKD1,Catarrhini,ortholog_one2one,94.0042,94.0042,100,100,1
ENSG00000008710,ENSG00000008710.20,ENST00000564313,ENST00000564313.1,ENSMNEG00000043046,PKD1,Catarrhini,ortholog_one2one,94.0042,94.0042,100,100,1
ENSG00000008710,ENSG00000008710.20,ENST00000561668,ENST00000561668.5,ENSMNEG00000043046,PKD1,Catarrhini,ortholog_one2one,94.0042,94.0042,100,100,1
ENSG00000008710,ENSG00000008710.20,ENST00000487932,ENST00000487932.5,ENSMNEG00000043046,PKD1,Catarrhini,ortholog_one2one,94.0042,94.0042,100,100,1
ENSG00000008710,ENSG00000008710.20,ENST00000485120,ENST00000485120.1,ENSMNEG00000043046,PKD1,Catarrhini,ortholog_one2one,94.0042,94.0042,100,100,1
ENSG00000008710,ENSG00000008710.20,ENST00000562425,ENST00000562425.1,ENSMNEG00000043046,PKD1,Catarrhini,ortholog_one2one,94.0042,94.0042,100,100,1
ENSG00000008710,ENSG00000008710.20,ENST00000567355,ENST00000567355.1,ENSMNEG00000043046,PKD1,Catarrhini,ortholog_one2one,94.0042,94.0042,100,100,1
ENSG00000008710,ENSG00000008710.20,ENST00000472659,ENST00000472659.1,ENSMNEG00000043046,PKD1,Catarrhini,ortholog_one2one,94.0042,94.0042,100,100,1
ENSG00000008710,ENSG00000008710.20,ENST00000568796,ENST00000568796.1,ENSMNEG00000043046,PKD1,Catarrhini,ortholog_one2one,94.0042,94.0042,100,100,1
ENSG00000008710,ENSG00000008710.20,ENST00000570253,ENST00000570253.5,ENSMNEG00000043046,PKD1,Catarrhini,ortholog_one2one,94.0042,94.0042,100,100,1
ENSG00000008710,ENSG00000008710.20,ENST00000562297,ENST00000562297.5,ENSMNEG00000043046,PKD1,Catarrhini,ortholog_one2one,94.0042,94.0042,100,100,1
ENSG00000008710,ENSG00000008710.20,ENST00000567946,ENST00000567946.1,ENSMNEG00000043046,PKD1,Catarrhini,ortholog_one2one,94.0042,94.0042,100,100,1
ENSG00000008710,ENSG00000008710.20,ENST00000486339,ENST00000486339.6,ENSMNEG00000043046,PKD1,Catarrhini,ortholog_one2one,94.0042,94.0042,100,100,1
ENSG00000008710,ENSG00000008710.20,ENST00000415938,ENST00000415938.7,ENSMNEG00000043046,PKD1,Catarrhini,ortholog_one2one,94.0042,94.0042,100,100,1
ENSG00000008710,ENSG00000008710.20,ENST00000483731,ENST00000483731.5,ENSMNEG00000043046,PKD1,Catarrhini,ortholog_one2one,94.0042,94.0042,100,100,1
ENSG00000008710,ENSG00000008710.20,ENST00000566905,ENST00000566905.5,ENSMNEG00000043046,PKD1,Catarrhini,ortholog_one2one,94.0042,94.0042,100,100,1
ENSG00000008710,ENSG00000008710.20,ENST00000496574,ENST00000496574.6,ENSMNEG00000043046,PKD1,Catarrhini,ortholog_one2one,94.0042,94.0042,100,100,1
ENSG00000008710,ENSG00000008710.20,ENST00000566784,ENST00000566784.5,ENSMNEG00000043046,PKD1,Catarrhini,ortholog_one2one,94.0042,94.0042,100,100,1
ENSG00000008710,ENSG00000008710.20,ENST00000471603,ENST00000471603.6,ENSMNEG00000043046,PKD1,Catarrhini,ortholog_one2one,94.0042,94.0042,100,100,1
ENSG00000008710,ENSG00000008710.20,ENST00000480227,ENST00000480227.5,ENSMNEG00000043046,PKD1,Catarrhini,ortholog_one2one,94.0042,94.0042,100,100,1
ENSG00000008710,ENSG00000008710.20,ENST00000570193,ENST00000570193.5,ENSMNEG00000043046,PKD1,Catarrhini,ortholog_one2one,94.0042,94.0042,100,100,1
ENSG00000008710,ENSG00000008710.20,ENST00000469851,ENST00000469851.1,ENSMNEG00000043046,PKD1,Catarrhini,ortholog_one2one,94.0042,94.0042,100,100,1
ENSG00000008710,ENSG00000008710.20,ENST00000483814,ENST00000483814.1,ENSMNEG00000043046,PKD1,Catarrhini,ortholog_one2one,94.0042,94.0042,100,100,1
ENSG00000008710,ENSG00000008710.20,ENST00000474088,ENST00000474088.1,ENSMNEG00000043046,PKD1,Catarrhini,ortholog_one2one,94.0042,94.0042,100,100,1
ENSG00000008710,ENSG00000008710.20,ENST00000475889,ENST00000475889.1,ENSMNEG00000043046,PKD1,Catarrhini,ortholog_one2one,94.0042,94.0042,100,100,1
ENSG00000008710,ENSG00000008710.20,ENST00000561991,ENST00000561991.5,ENSMNEG00000043046,PKD1,Catarrhini,ortholog_one2one,94.0042,94.0042,100,100,1
ENSG00000008710,ENSG00000008710.20,ENST00000565639,ENST00000565639.6,ENSMNEG00000043046,PKD1,Catarrhini,ortholog_one2one,94.0042,94.0042,100,100,1
ENSG00000008710,ENSG00000008710.20,ENST00000564865,ENST00000564865.5,ENSMNEG00000043046,PKD1,Catarrhini,ortholog_one2one,94.0042,94.0042,100,100,1
ENSG00000008710,ENSG00000008710.20,ENST00000564890,ENST00000564890.1,ENSMNEG00000043046,PKD1,Catarrhini,ortholog_one2one,94.0042,94.0042,100,100,1
ENSG00000008710,ENSG00000008710.20,ENST00000483558,ENST00000483558.5,ENSMNEG00000043046,PKD1,Catarrhini,ortholog_one2one,94.0042,94.0042,100,100,1
ENSG00000008710,ENSG00000008710.20,ENST00000568591,ENST00000568591.5,ENSMNEG00000043046,PKD1,Catarrhini,ortholog_one2one,94.0042,94.0042,100,100,1
ENSG00000008710,ENSG00000008710.20,ENST00000569983,ENST00000569983.5,ENSMNEG00000043046,PKD1,Catarrhini,ortholog_one2one,94.0042,94.0042,100,100,1
ENSG00000008710,ENSG00000008710.20,ENST00000483024,ENST00000483024.1,ENSMNEG00000043046,PKD1,Catarrhini,ortholog_one2one,94.0042,94.0042,100,100,1
ENSG00000008710,ENSG00000008710.20,ENST00000488185,ENST00000488185.2,ENSMNEG00000043046,PKD1,Catarrhini,ortholog_one2one,94.0042,94.0042,100,100,1
ENSG00000008710,ENSG00000008710.20,ENST00000473780,ENST00000473780.2,ENSMNEG00000043046,PKD1,Catarrhini,ortholog_one2one,94.0042,94.0042,100,100,1
ENSG00000008710,ENSG00000008710.20,ENST00000468674,ENST00000468674.5,ENSMNEG00000043046,PKD1,Catarrhini,ortholog_one2one,94.0042,94.0042,100,100,1
ENSG00000008710,ENSG00000008710.20,ENST00000469241,ENST00000469241.2,ENSMNEG00000043046,PKD1,Catarrhini,ortholog_one2one,94.0042,94.0042,100,100,1
ENSG00000008710,ENSG00000008710.20,ENST00000570150,ENST00000570150.1,ENSMNEG00000043046,PKD1,Catarrhini,ortholog_one2one,94.0042,94.0042,100,100,1
ENSG00000039139,ENSG00000039139.11,ENST00000265104,ENST00000265104.5,ENSMNEG00000033291,DNAH5,Catarrhini,ortholog_one2one,97.3832,97.3832,50,100,1
ENSG00000039139,ENSG00000039139.11,ENST00000681290,ENST00000681290.1,ENSMNEG00000033291,DNAH5,Catarrhini,ortholog_one2one,97.3832,97.3832,50,100,1
ENSG00000039139,ENSG00000039139.11,ENST00000683611,ENST00000683611.1,ENSMNEG00000033291,DNAH5,Catarrhini,ortholog_one2one,97.3832,97.3832,50,100,1
ENSG00000039139,ENSG00000039139.11,ENST00000504001,ENST00000504001.3,ENSMNEG00000033291,DNAH5,Catarrhini,ortholog_one2one,97.3832,97.3832,50,100,1
ENSG00000039139,ENSG00000039139.11,ENST00000512443,ENST00000512443.1,ENSMNEG00000033291,DNAH5,Catarrhini,ortholog_one2one,97.3832,97.3832,50,100,1
ENSG00000039139,ENSG00000039139.11,ENST00000683090,ENST00000683090.1,ENSMNEG00000033291,DNAH5,Catarrhini,ortholog_one2one,97.3832,97.3832,50,100,1
ENSG00000039139,ENSG00000039139.11,ENST00000684099,ENST00000684099.1,ENSMNEG00000033291,DNAH5,Catarrhini,ortholog_one2one,97.3832,97.3832,50,100,1
ENSG00000039139,ENSG00000039139.11,ENST00000680213,ENST00000680213.2,ENSMNEG00000033291,DNAH5,Catarrhini,ortholog_one2one,97.3832,97.3832,50,100,1
ENSG00000039139,ENSG00000039139.11,ENST00000508040,ENST00000508040.1,ENSMNEG00000033291,DNAH5,Catarrhini,ortholog_one2one,97.3832,97.3832,50,100,1
ENSG00000039139,ENSG00000039139.11,ENST00000684013,ENST00000684013.1,ENSMNEG00000033291,DNAH5,Catarrhini,ortholog_one2one,97.3832,97.3832,50,100,1
ENSG00000039139,ENSG00000039139.11,ENST00000683011,ENST00000683011.1,ENSMNEG00000033291,DNAH5,Catarrhini,ortholog_one2one,97.3832,97.3832,50,100,1
ENSG00000039139,ENSG00000039139.11,ENST00000683967,ENST00000683967.1,ENSMNEG00000033291,DNAH5,Catarrhini,ortholog_one2one,97.3832,97.3832,50,100,1
ENSG00000039139,ENSG00000039139.11,ENST00000682376,ENST00000682376.1,ENSMNEG00000033291,DNAH5,Catarrhini,ortholog_one2one,97.3832,97.3832,50,100,1
ENSG00000039139,ENSG00000039139.11,ENST00000682586,ENST00000682586.1,ENSMNEG00000033291,DNAH5,Catarrhini,ortholog_one2one,97.3832,97.3832,50,100,1
ENSG00000077327,ENSG00000077327.16,ENST00000376624,ENST00000376624.8,ENSMNEG00000042586,SPAG6,Catarrhini,ortholog_one2one,99.4106,99.4106,100,100,1
ENSG00000077327,ENSG00000077327.16,ENST00000456231,ENST00000456231.6,ENSMNEG00000042586,SPAG6,Catarrhini,ortholog_one2one,99.4106,99.4106,100,100,1
ENSG00000077327,ENSG00000077327.16,ENST00000488555,ENST00000488555.5,ENSMNEG00000042586,SPAG6,Catarrhini,ortholog_one2one,99.4106,99.4106,100,100,1
ENSG00000077327,ENSG00000077327.16,ENST00000313311,ENST00000313311.10,ENSMNEG00000042586,SPAG6,Catarrhini,ortholog_one2one,99.4106,99.4106,100,100,1
ENSG00000077327,ENSG00000077327.16,ENST00000435326,ENST00000435326.5,ENSMNEG00000042586,SPAG6,Catarrhini,ortholog_one2one,99.4106,99.4106,100,100,1
ENSG00000077327,ENSG00000077327.16,ENST00000490361,ENST00000490361.5,ENSMNEG00000042586,SPAG6,Catarrhini,ortholog_one2one,99.4106,99.4106,100,100,1
ENSG00000077327,ENSG00000077327.16,ENST00000487973,ENST00000487973.1,ENSMNEG00000042586,SPAG6,Catarrhini,ortholog_one2one,99.4106,99.4106,100,100,1
ENSG00000077327,ENSG00000077327.16,ENST00000538630,ENST00000538630.2,ENSMNEG00000042586,SPAG6,Catarrhini,ortholog_one2one,99.4106,99.4106,100,100,1
ENSG00000077327,ENSG00000077327.16,ENST00000376603,ENST00000376603.6,ENSMNEG00000042586,SPAG6,Catarrhini,ortholog_one2one,99.4106,99.4106,100,100,1
ENSG00000080572,ENSG00000080572.13,ENST00000372453,ENST00000372453.8,ENSMNEG00000037194,DNAAF6,Catarrhini,ortholog_one2one,91.5888,93.7799,100,100,1
ENSG00000080572,ENSG00000080572.13,ENST00000673764,ENST00000673764.1,ENSMNEG00000037194,DNAAF6,Catarrhini,ortholog_one2one,91.5888,93.7799,100,100,1
ENSG00000080572,ENSG00000080572.13,ENST00000336387,ENST00000336387.4,ENSMNEG00000037194,DNAAF6,Catarrhini,ortholog_one2one,91.5888,93.7799,100,100,1
ENSG00000080572,ENSG00000080572.13,ENST00000535523,ENST00000535523.5,ENSMNEG00000037194,DNAAF6,Catarrhini,ortholog_one2one,91.5888,93.7799,100,100,1
ENSG00000102931,ENSG00000102931.8,ENST00000565794,ENST00000565794.1,ENSMNEG00000037332,ARL2BP,Catarrhini,ortholog_one2one,96.9325,96.9325,100,100,1
ENSG00000102931,ENSG00000102931.8,ENST00000219204,ENST00000219204.8,ENSMNEG00000037332,ARL2BP,Catarrhini,ortholog_one2one,96.9325,96.9325,100,100,1
ENSG00000102931,ENSG00000102931.8,ENST00000562023,ENST00000562023.5,ENSMNEG00000037332,ARL2BP,Catarrhini,ortholog_one2one,96.9325,96.9325,100,100,1
ENSG00000102931,ENSG00000102931.8,ENST00000563234,ENST00000563234.1,ENSMNEG00000037332,ARL2BP,Catarrhini,ortholog_one2one,96.9325,96.9325,100,100,1
ENSG00000105321,ENSG00000105321.14,ENST00000601154,ENST00000601154.1,ENSMNEG00000029240,CCDC9,Catarrhini,ortholog_one2one,90.5838,92.5,100,99.25,1
ENSG00000105321,ENSG00000105321.14,ENST00000221922,ENST00000221922.11,ENSMNEG00000029240,CCDC9,Catarrhini,ortholog_one2one,90.5838,92.5,100,99.25,1
ENSG00000105321,ENSG00000105321.14,ENST00000643617,ENST00000643617.1,ENSMNEG00000029240,CCDC9,Catarrhini,ortholog_one2one,90.5838,92.5,100,99.25,1
ENSG00000105321,ENSG00000105321.14,ENST00000599398,ENST00000599398.5,ENSMNEG00000029240,CCDC9,Catarrhini,ortholog_one2one,90.5838,92.5,100,99.25,1
ENSG00000105321,ENSG00000105321.14,ENST00000595659,ENST00000595659.5,ENSMNEG00000029240,CCDC9,Catarrhini,ortholog_one2one,90.5838,92.5,100,99.25,1
ENSG00000105321,ENSG00000105321.14,ENST00000596938,ENST00000596938.1,ENSMNEG00000029240,CCDC9,Catarrhini,ortholog_one2one,90.5838,92.5,100,99.25,1
ENSG00000105321,ENSG00000105321.14,ENST00000600117,ENST00000600117.1,ENSMNEG00000029240,CCDC9,Catarrhini,ortholog_one2one,90.5838,92.5,100,99.25,1
ENSG00000105792,ENSG00000105792.19,ENST00000389297,ENST00000389297.8,ENSMNEG00000039081,CFAP69,Catarrhini,ortholog_one2one,96.8119,96.8119,100,100,1
ENSG00000105792,ENSG00000105792.19,ENST00000485791,ENST00000485791.5,ENSMNEG00000039081,CFAP69,Catarrhini,ortholog_one2one,96.8119,96.8119,100,100,1
ENSG00000105792,ENSG00000105792.19,ENST00000427396,ENST00000427396.5,ENSMNEG00000039081,CFAP69,Catarrhini,ortholog_one2one,96.8119,96.8119,100,100,1
ENSG00000105792,ENSG00000105792.19,ENST00000451029,ENST00000451029.5,ENSMNEG00000039081,CFAP69,Catarrhini,ortholog_one2one,96.8119,96.8119,100,100,1
ENSG00000105792,ENSG00000105792.19,ENST00000497910,ENST00000497910.5,ENSMNEG00000039081,CFAP69,Catarrhini,ortholog_one2one,96.8119,96.8119,100,100,1
ENSG00000105792,ENSG00000105792.19,ENST00000463311,ENST00000463311.1,ENSMNEG00000039081,CFAP69,Catarrhini,ortholog_one2one,96.8119,96.8119,100,100,1
ENSG00000105792,ENSG00000105792.19,ENST00000457170,ENST00000457170.6,ENSMNEG00000039081,CFAP69,Catarrhini,ortholog_one2one,96.8119,96.8119,100,100,1
ENSG00000105792,ENSG00000105792.19,ENST00000418199,ENST00000418199.1,ENSMNEG00000039081,CFAP69,Catarrhini,ortholog_one2one,96.8119,96.8119,100,100,1
ENSG00000105792,ENSG00000105792.19,ENST00000475031,ENST00000475031.5,ENSMNEG00000039081,CFAP69,Catarrhini,ortholog_one2one,96.8119,96.8119,100,100,1
ENSG00000105792,ENSG00000105792.19,ENST00000449577,ENST00000449577.5,ENSMNEG00000039081,CFAP69,Catarrhini,ortholog_one2one,96.8119,96.8119,100,100,1
ENSG00000105792,ENSG00000105792.19,ENST00000491886,ENST00000491886.1,ENSMNEG00000039081,CFAP69,Catarrhini,ortholog_one2one,96.8119,96.8119,100,100,1
ENSG00000105792,ENSG00000105792.19,ENST00000412839,ENST00000412839.5,ENSMNEG00000039081,CFAP69,Catarrhini,ortholog_one2one,96.8119,96.8119,100,100,1
ENSG00000105792,ENSG00000105792.19,ENST00000445156,ENST00000445156.1,ENSMNEG00000039081,CFAP69,Catarrhini,ortholog_one2one,96.8119,96.8119,100,100,1
ENSG00000106648,ENSG00000106648.14,ENST00000431418,ENST00000431418.6,ENSMNEG00000039928,GALNTL5,Catarrhini,ortholog_one2one,84.1986,91.4216,100,100,1
ENSG00000106648,ENSG00000106648.14,ENST00000392800,ENST00000392800.7,ENSMNEG00000039928,GALNTL5,Catarrhini,ortholog_one2one,84.1986,91.4216,100,100,1
ENSG00000106648,ENSG00000106648.14,ENST00000416062,ENST00000416062.5,ENSMNEG00000039928,GALNTL5,Catarrhini,ortholog_one2one,84.1986,91.4216,100,100,1
ENSG00000106648,ENSG00000106648.14,ENST00000448366,ENST00000448366.6,ENSMNEG00000039928,GALNTL5,Catarrhini,ortholog_one2one,84.1986,91.4216,100,100,1
ENSG00000106648,ENSG00000106648.14,ENST00000426341,ENST00000426341.6,ENSMNEG00000039928,GALNTL5,Catarrhini,ortholog_one2one,84.1986,91.4216,100,100,1
ENSG00000106648,ENSG00000106648.14,ENST00000416269,ENST00000416269.6,ENSMNEG00000039928,GALNTL5,Catarrhini,ortholog_one2one,84.1986,91.4216,100,100,1
ENSG00000106648,ENSG00000106648.14,ENST00000414073,ENST00000414073.6,ENSMNEG00000039928,GALNTL5,Catarrhini,ortholog_one2one,84.1986,91.4216,100,100,1
ENSG00000106648,ENSG00000106648.14,ENST00000482845,ENST00000482845.2,ENSMNEG00000039928,GALNTL5,Catarrhini,ortholog_one2one,84.1986,91.4216,100,100,1
ENSG00000106648,ENSG00000106648.14,ENST00000468278,ENST00000468278.1,ENSMNEG00000039928,GALNTL5,Catarrhini,ortholog_one2one,84.1986,91.4216,100,100,1
ENSG00000106648,ENSG00000106648.14,ENST00000483959,ENST00000483959.1,ENSMNEG00000039928,GALNTL5,Catarrhini,ortholog_one2one,84.1986,91.4216,100,100,1
ENSG00000106648,ENSG00000106648.14,ENST00000616416,ENST00000616416.4,ENSMNEG00000039928,GALNTL5,Catarrhini,ortholog_one2one,84.1986,91.4216,100,100,1
ENSG00000111254,ENSG00000111254.8,ENST00000545990,ENST00000545990.6,ENSMNEG00000030253,AKAP3,Catarrhini,ortholog_one2one,94.3728,93.9323,100,100,1
ENSG00000111254,ENSG00000111254.8,ENST00000540967,ENST00000540967.5,ENSMNEG00000030253,AKAP3,Catarrhini,ortholog_one2one,94.3728,93.9323,100,100,1
ENSG00000111254,ENSG00000111254.8,ENST00000536414,ENST00000536414.3,ENSMNEG00000030253,AKAP3,Catarrhini,ortholog_one2one,94.3728,93.9323,100,100,1
ENSG00000111254,ENSG00000111254.8,ENST00000541484,ENST00000541484.1,ENSMNEG00000030253,AKAP3,Catarrhini,ortholog_one2one,94.3728,93.9323,100,100,1
ENSG00000111254,ENSG00000111254.8,ENST00000544636,ENST00000544636.1,ENSMNEG00000030253,AKAP3,Catarrhini,ortholog_one2one,94.3728,93.9323,100,100,1
ENSG00000111254,ENSG00000111254.8,ENST00000228850,ENST00000228850.6,ENSMNEG00000030253,AKAP3,Catarrhini,ortholog_one2one,94.3728,93.9323,100,100,1
ENSG00000111834,ENSG00000111834.13,ENST00000229554,ENST00000229554.10,ENSMNEG00000038377,RSPH4A,Catarrhini,ortholog_one2one,95.5307,95.1321,100,100,1
ENSG00000111834,ENSG00000111834.13,ENST00000368580,ENST00000368580.4,ENSMNEG00000038377,RSPH4A,Catarrhini,ortholog_one2one,95.5307,95.1321,100,100,1
ENSG00000111834,ENSG00000111834.13,ENST00000368581,ENST00000368581.8,ENSMNEG00000038377,RSPH4A,Catarrhini,ortholog_one2one,95.5307,95.1321,100,100,1
ENSG00000112053,ENSG00000112053.14,ENST00000490799,ENST00000490799.6,ENSMNEG00000037361,SLC26A8,Catarrhini,ortholog_one2one,92.1649,92.9314,100,99.78,1
ENSG00000112053,ENSG00000112053.14,ENST00000466805,ENST00000466805.5,ENSMNEG00000037361,SLC26A8,Catarrhini,ortholog_one2one,92.1649,92.9314,100,99.78,1
ENSG00000112053,ENSG00000112053.14,ENST00000394602,ENST00000394602.6,ENSMNEG00000037361,SLC26A8,Catarrhini,ortholog_one2one,92.1649,92.9314,100,99.78,1
ENSG00000112053,ENSG00000112053.14,ENST00000355574,ENST00000355574.6,ENSMNEG00000037361,SLC26A8,Catarrhini,ortholog_one2one,92.1649,92.9314,100,99.78,1
ENSG00000112053,ENSG00000112053.14,ENST00000465492,ENST00000465492.1,ENSMNEG00000037361,SLC26A8,Catarrhini,ortholog_one2one,92.1649,92.9314,100,99.78,1
ENSG00000112053,ENSG00000112053.14,ENST00000486155,ENST00000486155.1,ENSMNEG00000037361,SLC26A8,Catarrhini,ortholog_one2one,92.1649,92.9314,100,99.78,1
ENSG00000112053,ENSG00000112053.14,ENST00000469847,ENST00000469847.5,ENSMNEG00000037361,SLC26A8,Catarrhini,ortholog_one2one,92.1649,92.9314,100,99.78,1
ENSG00000112053,ENSG00000112053.14,ENST00000480663,ENST00000480663.1,ENSMNEG00000037361,SLC26A8,Catarrhini,ortholog_one2one,92.1649,92.9314,100,99.78,1
ENSG00000114841,ENSG00000114841.18,ENST00000486752,ENST00000486752.5,ENSMNEG00000016385,DNAH1,Catarrhini,ortholog_one2one,97.8195,97.8195,100,100,1
ENSG00000114841,ENSG00000114841.18,ENST00000420323,ENST00000420323.7,ENSMNEG00000016385,DNAH1,Catarrhini,ortholog_one2one,97.8195,97.8195,100,100,1
ENSG00000114841,ENSG00000114841.18,ENST00000497875,ENST00000497875.1,ENSMNEG00000016385,DNAH1,Catarrhini,ortholog_one2one,97.8195,97.8195,100,100,1
ENSG00000114841,ENSG00000114841.18,ENST00000466628,ENST00000466628.1,ENSMNEG00000016385,DNAH1,Catarrhini,ortholog_one2one,97.8195,97.8195,100,100,1
ENSG00000114841,ENSG00000114841.18,ENST00000488988,ENST00000488988.5,ENSMNEG00000016385,DNAH1,Catarrhini,ortholog_one2one,97.8195,97.8195,100,100,1
ENSG00000114841,ENSG00000114841.18,ENST00000490713,ENST00000490713.5,ENSMNEG00000016385,DNAH1,Catarrhini,ortholog_one2one,97.8195,97.8195,100,100,1
ENSG00000114841,ENSG00000114841.18,ENST00000480649,ENST00000480649.1,ENSMNEG00000016385,DNAH1,Catarrhini,ortholog_one2one,97.8195,97.8195,100,100,1
ENSG00000114841,ENSG00000114841.18,ENST00000487254,ENST00000487254.1,ENSMNEG00000016385,DNAH1,Catarrhini,ortholog_one2one,97.8195,97.8195,100,100,1
ENSG00000114867,ENSG00000114867.22,ENST00000352767,ENST00000352767.7,ENSMNEG00000037668,EIF4G1,Catarrhini,ortholog_one2one,98.6867,98.3791,100,100,1
ENSG00000114867,ENSG00000114867.22,ENST00000414031,ENST00000414031.5,ENSMNEG00000037668,EIF4G1,Catarrhini,ortholog_one2one,98.6867,98.3791,100,100,1
ENSG00000114867,ENSG00000114867.22,ENST00000392537,ENST00000392537.6,ENSMNEG00000037668,EIF4G1,Catarrhini,ortholog_one2one,98.6867,98.3791,100,100,1
ENSG00000114867,ENSG00000114867.22,ENST00000444134,ENST00000444134.5,ENSMNEG00000037668,EIF4G1,Catarrhini,ortholog_one2one,98.6867,98.3791,100,100,1
ENSG00000114867,ENSG00000114867.22,ENST00000442406,ENST00000442406.5,ENSMNEG00000037668,EIF4G1,Catarrhini,ortholog_one2one,98.6867,98.3791,100,100,1
ENSG00000114867,ENSG00000114867.22,ENST00000450424,ENST00000450424.5,ENSMNEG00000037668,EIF4G1,Catarrhini,ortholog_one2one,98.6867,98.3791,100,100,1
ENSG00000114867,ENSG00000114867.22,ENST00000421110,ENST00000421110.5,ENSMNEG00000037668,EIF4G1,Catarrhini,ortholog_one2one,98.6867,98.3791,100,100,1
ENSG00000114867,ENSG00000114867.22,ENST00000435046,ENST00000435046.7,ENSMNEG00000037668,EIF4G1,Catarrhini,ortholog_one2one,98.6867,98.3791,100,100,1
ENSG00000114867,ENSG00000114867.22,ENST00000382330,ENST00000382330.7,ENSMNEG00000037668,EIF4G1,Catarrhini,ortholog_one2one,98.6867,98.3791,100,100,1
ENSG00000114867,ENSG00000114867.22,ENST00000413967,ENST00000413967.5,ENSMNEG00000037668,EIF4G1,Catarrhini,ortholog_one2one,98.6867,98.3791,100,100,1
ENSG00000114867,ENSG00000114867.22,ENST00000426123,ENST00000426123.5,ENSMNEG00000037668,EIF4G1,Catarrhini,ortholog_one2one,98.6867,98.3791,100,100,1
ENSG00000114867,ENSG00000114867.22,ENST00000346169,ENST00000346169.7,ENSMNEG00000037668,EIF4G1,Catarrhini,ortholog_one2one,98.6867,98.3791,100,100,1
ENSG00000114867,ENSG00000114867.22,ENST00000350481,ENST00000350481.9,ENSMNEG00000037668,EIF4G1,Catarrhini,ortholog_one2one,98.6867,98.3791,100,100,1
ENSG00000114867,ENSG00000114867.22,ENST00000455679,ENST00000455679.5,ENSMNEG00000037668,EIF4G1,Catarrhini,ortholog_one2one,98.6867,98.3791,100,100,1
ENSG00000114867,ENSG00000114867.22,ENST00000485712,ENST00000485712.5,ENSMNEG00000037668,EIF4G1,Catarrhini,ortholog_one2one,98.6867,98.3791,100,100,1
ENSG00000114867,ENSG00000114867.22,ENST00000440448,ENST00000440448.5,ENSMNEG00000037668,EIF4G1,Catarrhini,ortholog_one2one,98.6867,98.3791,100,100,1
ENSG00000114867,ENSG00000114867.22,ENST00000427141,ENST00000427141.6,ENSMNEG00000037668,EIF4G1,Catarrhini,ortholog_one2one,98.6867,98.3791,100,100,1
ENSG00000114867,ENSG00000114867.22,ENST00000427845,ENST00000427845.5,ENSMNEG00000037668,EIF4G1,Catarrhini,ortholog_one2one,98.6867,98.3791,100,100,1
ENSG00000114867,ENSG00000114867.22,ENST00000342981,ENST00000342981.8,ENSMNEG00000037668,EIF4G1,Catarrhini,ortholog_one2one,98.6867,98.3791,100,100,1
ENSG00000114867,ENSG00000114867.22,ENST00000424196,ENST00000424196.5,ENSMNEG00000037668,EIF4G1,Catarrhini,ortholog_one2one,98.6867,98.3791,100,100,1
ENSG00000114867,ENSG00000114867.22,ENST00000456033,ENST00000456033.5,ENSMNEG00000037668,EIF4G1,Catarrhini,ortholog_one2one,98.6867,98.3791,100,100,1
ENSG00000114867,ENSG00000114867.22,ENST00000411531,ENST00000411531.5,ENSMNEG00000037668,EIF4G1,Catarrhini,ortholog_one2one,98.6867,98.3791,100,100,1
ENSG00000114867,ENSG00000114867.22,ENST00000444861,ENST00000444861.5,ENSMNEG00000037668,EIF4G1,Catarrhini,ortholog_one2one,98.6867,98.3791,100,100,1
ENSG00000114867,ENSG00000114867.22,ENST00000484862,ENST00000484862.5,ENSMNEG00000037668,EIF4G1,Catarrhini,ortholog_one2one,98.6867,98.3791,100,100,1
ENSG00000114867,ENSG00000114867.22,ENST00000676206,ENST00000676206.1,ENSMNEG00000037668,EIF4G1,Catarrhini,ortholog_one2one,98.6867,98.3791,100,100,1
ENSG00000114867,ENSG00000114867.22,ENST00000441154,ENST00000441154.5,ENSMNEG00000037668,EIF4G1,Catarrhini,ortholog_one2one,98.6867,98.3791,100,100,1
ENSG00000114867,ENSG00000114867.22,ENST00000428387,ENST00000428387.5,ENSMNEG00000037668,EIF4G1,Catarrhini,ortholog_one2one,98.6867,98.3791,100,100,1
ENSG00000114867,ENSG00000114867.22,ENST00000434061,ENST00000434061.6,ENSMNEG00000037668,EIF4G1,Catarrhini,ortholog_one2one,98.6867,98.3791,100,100,1
ENSG00000114867,ENSG00000114867.22,ENST00000427607,ENST00000427607.5,ENSMNEG00000037668,EIF4G1,Catarrhini,ortholog_one2one,98.6867,98.3791,100,100,1
ENSG00000114867,ENSG00000114867.22,ENST00000457456,ENST00000457456.5,ENSMNEG00000037668,EIF4G1,Catarrhini,ortholog_one2one,98.6867,98.3791,100,100,1
ENSG00000114867,ENSG00000114867.22,ENST00000493299,ENST00000493299.1,ENSMNEG00000037668,EIF4G1,Catarrhini,ortholog_one2one,98.6867,98.3791,100,100,1
ENSG00000114867,ENSG00000114867.22,ENST00000676453,ENST00000676453.1,ENSMNEG00000037668,EIF4G1,Catarrhini,ortholog_one2one,98.6867,98.3791,100,100,1
ENSG00000114867,ENSG00000114867.22,ENST00000448284,ENST00000448284.1,ENSMNEG00000037668,EIF4G1,Catarrhini,ortholog_one2one,98.6867,98.3791,100,100,1
ENSG00000114867,ENSG00000114867.22,ENST00000466311,ENST00000466311.1,ENSMNEG00000037668,EIF4G1,Catarrhini,ortholog_one2one,98.6867,98.3791,100,100,1
ENSG00000114867,ENSG00000114867.22,ENST00000482303,ENST00000482303.1,ENSMNEG00000037668,EIF4G1,Catarrhini,ortholog_one2one,98.6867,98.3791,100,100,1
ENSG00000114867,ENSG00000114867.22,ENST00000422614,ENST00000422614.5,ENSMNEG00000037668,EIF4G1,Catarrhini,ortholog_one2one,98.6867,98.3791,100,100,1
ENSG00000114867,ENSG00000114867.22,ENST00000460829,ENST00000460829.5,ENSMNEG00000037668,EIF4G1,Catarrhini,ortholog_one2one,98.6867,98.3791,100,100,1
ENSG00000114867,ENSG00000114867.22,ENST00000475721,ENST00000475721.5,ENSMNEG00000037668,EIF4G1,Catarrhini,ortholog_one2one,98.6867,98.3791,100,100,1
ENSG00000114867,ENSG00000114867.22,ENST00000464548,ENST00000464548.1,ENSMNEG00000037668,EIF4G1,Catarrhini,ortholog_one2one,98.6867,98.3791,100,100,1
ENSG00000114867,ENSG00000114867.22,ENST00000478291,ENST00000478291.1,ENSMNEG00000037668,EIF4G1,Catarrhini,ortholog_one2one,98.6867,98.3791,100,100,1
ENSG00000115423,ENSG00000115423.19,ENST00000476689,ENST00000476689.5,ENSMNEG00000043693,DNAH6,Catarrhini,ortholog_one2one,97.8596,97.8596,100,100,1
ENSG00000115423,ENSG00000115423.19,ENST00000389394,ENST00000389394.8,ENSMNEG00000043693,DNAH6,Catarrhini,ortholog_one2one,97.8596,97.8596,100,100,1
ENSG00000115423,ENSG00000115423.19,ENST00000468661,ENST00000468661.1,ENSMNEG00000043693,DNAH6,Catarrhini,ortholog_one2one,97.8596,97.8596,100,100,1
ENSG00000115423,ENSG00000115423.19,ENST00000494025,ENST00000494025.1,ENSMNEG00000043693,DNAH6,Catarrhini,ortholog_one2one,97.8596,97.8596,100,100,1
ENSG00000115423,ENSG00000115423.19,ENST00000602588,ENST00000602588.1,ENSMNEG00000043693,DNAH6,Catarrhini,ortholog_one2one,97.8596,97.8596,100,100,1
ENSG00000118690,ENSG00000118690.13,ENST00000392644,ENST00000392644.9,ENSMNEG00000037523,ARMC2,Catarrhini,ortholog_one2one,96.4245,89.6996,100,100,1
ENSG00000118690,ENSG00000118690.13,ENST00000237512,ENST00000237512.4,ENSMNEG00000037523,ARMC2,Catarrhini,ortholog_one2one,96.4245,89.6996,100,100,1
ENSG00000118690,ENSG00000118690.13,ENST00000414610,ENST00000414610.1,ENSMNEG00000037523,ARMC2,Catarrhini,ortholog_one2one,96.4245,89.6996,100,100,1
ENSG00000118690,ENSG00000118690.13,ENST00000481850,ENST00000481850.1,ENSMNEG00000037523,ARMC2,Catarrhini,ortholog_one2one,96.4245,89.6996,100,100,1
ENSG00000118690,ENSG00000118690.13,ENST00000368972,ENST00000368972.7,ENSMNEG00000037523,ARMC2,Catarrhini,ortholog_one2one,96.4245,89.6996,100,100,1
ENSG00000119685,ENSG00000119685.20,ENST00000554132,ENST00000554132.1,ENSMNEG00000037856,TTLL5,Catarrhini,ortholog_one2one,96.7994,95.092,75,100,1
ENSG00000119685,ENSG00000119685.20,ENST00000556265,ENST00000556265.5,ENSMNEG00000037856,TTLL5,Catarrhini,ortholog_one2one,96.7994,95.092,75,100,1
ENSG00000119685,ENSG00000119685.20,ENST00000555290,ENST00000555290.5,ENSMNEG00000037856,TTLL5,Catarrhini,ortholog_one2one,96.7994,95.092,75,100,1
ENSG00000119685,ENSG00000119685.20,ENST00000556977,ENST00000556977.5,ENSMNEG00000037856,TTLL5,Catarrhini,ortholog_one2one,96.7994,95.092,75,100,1
ENSG00000119685,ENSG00000119685.20,ENST00000556685,ENST00000556685.1,ENSMNEG00000037856,TTLL5,Catarrhini,ortholog_one2one,96.7994,95.092,75,100,1
ENSG00000119685,ENSG00000119685.20,ENST00000298832,ENST00000298832.14,ENSMNEG00000037856,TTLL5,Catarrhini,ortholog_one2one,96.7994,95.092,75,100,1
ENSG00000119685,ENSG00000119685.20,ENST00000557636,ENST00000557636.5,ENSMNEG00000037856,TTLL5,Catarrhini,ortholog_one2one,96.7994,95.092,75,100,1
ENSG00000119685,ENSG00000119685.20,ENST00000286650,ENST00000286650.9,ENSMNEG00000037856,TTLL5,Catarrhini,ortholog_one2one,96.7994,95.092,75,100,1
ENSG00000119685,ENSG00000119685.20,ENST00000556173,ENST00000556173.5,ENSMNEG00000037856,TTLL5,Catarrhini,ortholog_one2one,96.7994,95.092,75,100,1
ENSG00000119685,ENSG00000119685.20,ENST00000554185,ENST00000554185.1,ENSMNEG00000037856,TTLL5,Catarrhini,ortholog_one2one,96.7994,95.092,75,100,1
ENSG00000119685,ENSG00000119685.20,ENST00000555422,ENST00000555422.5,ENSMNEG00000037856,TTLL5,Catarrhini,ortholog_one2one,96.7994,95.092,75,100,1
ENSG00000119685,ENSG00000119685.20,ENST00000554935,ENST00000554935.5,ENSMNEG00000037856,TTLL5,Catarrhini,ortholog_one2one,96.7994,95.092,75,100,1
ENSG00000119685,ENSG00000119685.20,ENST00000554148,ENST00000554148.5,ENSMNEG00000037856,TTLL5,Catarrhini,ortholog_one2one,96.7994,95.092,75,100,1
ENSG00000119685,ENSG00000119685.20,ENST00000554878,ENST00000554878.1,ENSMNEG00000037856,TTLL5,Catarrhini,ortholog_one2one,96.7994,95.092,75,100,1
ENSG00000119685,ENSG00000119685.20,ENST00000556976,ENST00000556976.1,ENSMNEG00000037856,TTLL5,Catarrhini,ortholog_one2one,96.7994,95.092,75,100,1
ENSG00000119685,ENSG00000119685.20,ENST00000556893,ENST00000556893.5,ENSMNEG00000037856,TTLL5,Catarrhini,ortholog_one2one,96.7994,95.092,75,100,1
ENSG00000119685,ENSG00000119685.20,ENST00000554510,ENST00000554510.5,ENSMNEG00000037856,TTLL5,Catarrhini,ortholog_one2one,96.7994,95.092,75,100,1
ENSG00000119685,ENSG00000119685.20,ENST00000555018,ENST00000555018.3,ENSMNEG00000037856,TTLL5,Catarrhini,ortholog_one2one,96.7994,95.092,75,100,1
ENSG00000119685,ENSG00000119685.20,ENST00000608522,ENST00000608522.2,ENSMNEG00000037856,TTLL5,Catarrhini,ortholog_one2one,96.7994,95.092,75,100,1
ENSG00000119685,ENSG00000119685.20,ENST00000557219,ENST00000557219.1,ENSMNEG00000037856,TTLL5,Catarrhini,ortholog_one2one,96.7994,95.092,75,100,1
ENSG00000119685,ENSG00000119685.20,ENST00000554972,ENST00000554972.1,ENSMNEG00000037856,TTLL5,Catarrhini,ortholog_one2one,96.7994,95.092,75,100,1
ENSG00000119685,ENSG00000119685.20,ENST00000554487,ENST00000554487.1,ENSMNEG00000037856,TTLL5,Catarrhini,ortholog_one2one,96.7994,95.092,75,100,1
ENSG00000120051,ENSG00000120051.15,ENST00000369704,ENST00000369704.8,ENSMNEG00000034236,CFAP58,Catarrhini,ortholog_one2one,97.7064,97.7064,100,100,1
ENSG00000120051,ENSG00000120051.15,ENST00000369703,ENST00000369703.1,ENSMNEG00000034236,CFAP58,Catarrhini,ortholog_one2one,97.7064,97.7064,100,100,1
ENSG00000122735,ENSG00000122735.16,ENST00000470982,ENST00000470982.5,ENSMNEG00000044716,DNAI1,Catarrhini,ortholog_one2one,95.5651,95.4286,100,100,1
ENSG00000122735,ENSG00000122735.16,ENST00000614641,ENST00000614641.4,ENSMNEG00000044716,DNAI1,Catarrhini,ortholog_one2one,95.5651,95.4286,100,100,1
ENSG00000122735,ENSG00000122735.16,ENST00000242317,ENST00000242317.9,ENSMNEG00000044716,DNAI1,Catarrhini,ortholog_one2one,95.5651,95.4286,100,100,1
ENSG00000122735,ENSG00000122735.16,ENST00000437363,ENST00000437363.5,ENSMNEG00000044716,DNAI1,Catarrhini,ortholog_one2one,95.5651,95.4286,100,100,1
ENSG00000122735,ENSG00000122735.16,ENST00000488369,ENST00000488369.1,ENSMNEG00000044716,DNAI1,Catarrhini,ortholog_one2one,95.5651,95.4286,100,100,1
ENSG00000122735,ENSG00000122735.16,ENST00000488790,ENST00000488790.1,ENSMNEG00000044716,DNAI1,Catarrhini,ortholog_one2one,95.5651,95.4286,100,100,1
ENSG00000122735,ENSG00000122735.16,ENST00000470169,ENST00000470169.5,ENSMNEG00000044716,DNAI1,Catarrhini,ortholog_one2one,95.5651,95.4286,100,100,1
ENSG00000122735,ENSG00000122735.16,ENST00000442556,ENST00000442556.1,ENSMNEG00000044716,DNAI1,Catarrhini,ortholog_one2one,95.5651,95.4286,100,100,1
ENSG00000122735,ENSG00000122735.16,ENST00000485580,ENST00000485580.1,ENSMNEG00000044716,DNAI1,Catarrhini,ortholog_one2one,95.5651,95.4286,100,100,1
ENSG00000124721,ENSG00000124721.18,ENST00000327475,ENST00000327475.11,ENSMNEG00000033939,DNAH8,Catarrhini,ortholog_one2one,98.0242,98.0034,100,100,1
ENSG00000124721,ENSG00000124721.18,ENST00000373278,ENST00000373278.8,ENSMNEG00000033939,DNAH8,Catarrhini,ortholog_one2one,98.0242,98.0034,100,100,1
ENSG00000124721,ENSG00000124721.18,ENST00000449981,ENST00000449981.6,ENSMNEG00000033939,DNAH8,Catarrhini,ortholog_one2one,98.0242,98.0034,100,100,1
ENSG00000124721,ENSG00000124721.18,ENST00000359357,ENST00000359357.7,ENSMNEG00000033939,DNAH8,Catarrhini,ortholog_one2one,98.0242,98.0034,100,100,1
ENSG00000124721,ENSG00000124721.18,ENST00000394393,ENST00000394393.3,ENSMNEG00000033939,DNAH8,Catarrhini,ortholog_one2one,98.0242,98.0034,100,100,1
ENSG00000129295,ENSG00000129295.9,ENST00000620350,ENST00000620350.5,ENSMNEG00000043558,LRRC6,Catarrhini,ortholog_one2one,95.7082,95.7082,100,100,1
ENSG00000129295,ENSG00000129295.9,ENST00000618342,ENST00000618342.1,ENSMNEG00000043558,LRRC6,Catarrhini,ortholog_one2one,95.7082,95.7082,100,100,1
ENSG00000129295,ENSG00000129295.9,ENST00000519595,ENST00000519595.5,ENSMNEG00000043558,LRRC6,Catarrhini,ortholog_one2one,95.7082,95.7082,100,100,1
ENSG00000129295,ENSG00000129295.9,ENST00000522789,ENST00000522789.5,ENSMNEG00000043558,LRRC6,Catarrhini,ortholog_one2one,95.7082,95.7082,100,100,1
ENSG00000129295,ENSG00000129295.9,ENST00000518642,ENST00000518642.5,ENSMNEG00000043558,LRRC6,Catarrhini,ortholog_one2one,95.7082,95.7082,100,100,1
ENSG00000129295,ENSG00000129295.9,ENST00000250173,ENST00000250173.5,ENSMNEG00000043558,LRRC6,Catarrhini,ortholog_one2one,95.7082,95.7082,100,100,1
ENSG00000129295,ENSG00000129295.9,ENST00000522597,ENST00000522597.1,ENSMNEG00000043558,LRRC6,Catarrhini,ortholog_one2one,95.7082,95.7082,100,100,1
ENSG00000129295,ENSG00000129295.9,ENST00000519085,ENST00000519085.5,ENSMNEG00000043558,LRRC6,Catarrhini,ortholog_one2one,95.7082,95.7082,100,100,1
ENSG00000129295,ENSG00000129295.9,ENST00000520446,ENST00000520446.5,ENSMNEG00000043558,LRRC6,Catarrhini,ortholog_one2one,95.7082,95.7082,100,100,1
ENSG00000129295,ENSG00000129295.9,ENST00000523503,ENST00000523503.1,ENSMNEG00000043558,LRRC6,Catarrhini,ortholog_one2one,95.7082,95.7082,100,100,1
ENSG00000129295,ENSG00000129295.9,ENST00000522584,ENST00000522584.5,ENSMNEG00000043558,LRRC6,Catarrhini,ortholog_one2one,95.7082,95.7082,100,100,1
ENSG00000129295,ENSG00000129295.9,ENST00000521430,ENST00000521430.5,ENSMNEG00000043558,LRRC6,Catarrhini,ortholog_one2one,95.7082,95.7082,100,100,1
ENSG00000129295,ENSG00000129295.9,ENST00000518101,ENST00000518101.1,ENSMNEG00000043558,LRRC6,Catarrhini,ortholog_one2one,95.7082,95.7082,100,100,1
ENSG00000129646,ENSG00000129646.16,ENST00000532549,ENST00000532549.2,ENSMNEG00000028124,QRICH2,Catarrhini,ortholog_one2one,81.929,84.4347,100,99.81,1
ENSG00000129646,ENSG00000129646.16,ENST00000636395,ENST00000636395.1,ENSMNEG00000028124,QRICH2,Catarrhini,ortholog_one2one,81.929,84.4347,100,99.81,1
ENSG00000129646,ENSG00000129646.16,ENST00000680821,ENST00000680821.2,ENSMNEG00000028124,QRICH2,Catarrhini,ortholog_one2one,81.929,84.4347,100,99.81,1
ENSG00000129646,ENSG00000129646.16,ENST00000447564,ENST00000447564.2,ENSMNEG00000028124,QRICH2,Catarrhini,ortholog_one2one,81.929,84.4347,100,99.81,1
ENSG00000129646,ENSG00000129646.16,ENST00000262765,ENST00000262765.10,ENSMNEG00000028124,QRICH2,Catarrhini,ortholog_one2one,81.929,84.4347,100,99.81,1
ENSG00000129646,ENSG00000129646.16,ENST00000524722,ENST00000524722.1,ENSMNEG00000028124,QRICH2,Catarrhini,ortholog_one2one,81.929,84.4347,100,99.81,1
ENSG00000130363,ENSG00000130363.13,ENST00000367069,ENST00000367069.7,ENSMNEG00000038143,RSPH3,Catarrhini,ortholog_one2one,94.9761,71.1469,50,100,1
ENSG00000130363,ENSG00000130363.13,ENST00000607398,ENST00000607398.1,ENSMNEG00000038143,RSPH3,Catarrhini,ortholog_one2one,94.9761,71.1469,50,100,1
ENSG00000130363,ENSG00000130363.13,ENST00000449822,ENST00000449822.5,ENSMNEG00000038143,RSPH3,Catarrhini,ortholog_one2one,94.9761,71.1469,50,100,1
ENSG00000131459,ENSG00000131459.13,ENST00000253778,ENST00000253778.13,ENSMNEG00000030936,GFPT2,Catarrhini,ortholog_one2one,98.6804,98.6804,100,100,1
ENSG00000131459,ENSG00000131459.13,ENST00000520165,ENST00000520165.1,ENSMNEG00000030936,GFPT2,Catarrhini,ortholog_one2one,98.6804,98.6804,100,100,1
ENSG00000131459,ENSG00000131459.13,ENST00000510122,ENST00000510122.1,ENSMNEG00000030936,GFPT2,Catarrhini,ortholog_one2one,98.6804,98.6804,100,100,1
ENSG00000131459,ENSG00000131459.13,ENST00000518906,ENST00000518906.1,ENSMNEG00000030936,GFPT2,Catarrhini,ortholog_one2one,98.6804,98.6804,100,100,1
ENSG00000131459,ENSG00000131459.13,ENST00000518185,ENST00000518185.1,ENSMNEG00000030936,GFPT2,Catarrhini,ortholog_one2one,98.6804,98.6804,100,100,1
ENSG00000131459,ENSG00000131459.13,ENST00000518158,ENST00000518158.5,ENSMNEG00000030936,GFPT2,Catarrhini,ortholog_one2one,98.6804,98.6804,100,100,1
ENSG00000131459,ENSG00000131459.13,ENST00000503546,ENST00000503546.1,ENSMNEG00000030936,GFPT2,Catarrhini,ortholog_one2one,98.6804,98.6804,100,100,1
ENSG00000131459,ENSG00000131459.13,ENST00000503228,ENST00000503228.1,ENSMNEG00000030936,GFPT2,Catarrhini,ortholog_one2one,98.6804,98.6804,100,100,1
ENSG00000134874,ENSG00000134874.18,ENST00000361396,ENST00000361396.6,ENSMNEG00000030661,DZIP1,Catarrhini,ortholog_one2one,96.3091,96.4203,100,100,1
ENSG00000134874,ENSG00000134874.18,ENST00000376829,ENST00000376829.7,ENSMNEG00000030661,DZIP1,Catarrhini,ortholog_one2one,96.3091,96.4203,100,100,1
ENSG00000134874,ENSG00000134874.18,ENST00000485031,ENST00000485031.5,ENSMNEG00000030661,DZIP1,Catarrhini,ortholog_one2one,96.3091,96.4203,100,100,1
ENSG00000134874,ENSG00000134874.18,ENST00000479518,ENST00000479518.1,ENSMNEG00000030661,DZIP1,Catarrhini,ortholog_one2one,96.3091,96.4203,100,100,1
ENSG00000134874,ENSG00000134874.18,ENST00000466569,ENST00000466569.1,ENSMNEG00000030661,DZIP1,Catarrhini,ortholog_one2one,96.3091,96.4203,100,100,1
ENSG00000134874,ENSG00000134874.18,ENST00000466027,ENST00000466027.1,ENSMNEG00000030661,DZIP1,Catarrhini,ortholog_one2one,96.3091,96.4203,100,100,1
ENSG00000134874,ENSG00000134874.18,ENST00000347108,ENST00000347108.7,ENSMNEG00000030661,DZIP1,Catarrhini,ortholog_one2one,96.3091,96.4203,100,100,1
ENSG00000134874,ENSG00000134874.18,ENST00000361156,ENST00000361156.7,ENSMNEG00000030661,DZIP1,Catarrhini,ortholog_one2one,96.3091,96.4203,100,100,1
ENSG00000137473,ENSG00000137473.19,ENST00000513335,ENST00000513335.5,ENSMNEG00000034118,TTC29,Catarrhini,ortholog_one2one,96,91.2,100,100,1
ENSG00000137473,ENSG00000137473.19,ENST00000325106,ENST00000325106.9,ENSMNEG00000034118,TTC29,Catarrhini,ortholog_one2one,96,91.2,100,100,1
ENSG00000137473,ENSG00000137473.19,ENST00000508306,ENST00000508306.5,ENSMNEG00000034118,TTC29,Catarrhini,ortholog_one2one,96,91.2,100,100,1
ENSG00000137473,ENSG00000137473.19,ENST00000504425,ENST00000504425.5,ENSMNEG00000034118,TTC29,Catarrhini,ortholog_one2one,96,91.2,100,100,1
ENSG00000137473,ENSG00000137473.19,ENST00000504272,ENST00000504272.2,ENSMNEG00000034118,TTC29,Catarrhini,ortholog_one2one,96,91.2,100,100,1
ENSG00000137473,ENSG00000137473.19,ENST00000506019,ENST00000506019.1,ENSMNEG00000034118,TTC29,Catarrhini,ortholog_one2one,96,91.2,100,100,1
ENSG00000137473,ENSG00000137473.19,ENST00000515315,ENST00000515315.1,ENSMNEG00000034118,TTC29,Catarrhini,ortholog_one2one,96,91.2,100,100,1
ENSG00000137473,ENSG00000137473.19,ENST00000502319,ENST00000502319.1,ENSMNEG00000034118,TTC29,Catarrhini,ortholog_one2one,96,91.2,100,100,1
ENSG00000137691,ENSG00000137691.13,ENST00000434758,ENST00000434758.7,ENSMNEG00000038673,CFAP300,Catarrhini,ortholog_one2one,97.0037,97.0037,75,100,1
ENSG00000137691,ENSG00000137691.13,ENST00000526781,ENST00000526781.5,ENSMNEG00000038673,CFAP300,Catarrhini,ortholog_one2one,97.0037,97.0037,75,100,1
ENSG00000137691,ENSG00000137691.13,ENST00000534360,ENST00000534360.1,ENSMNEG00000038673,CFAP300,Catarrhini,ortholog_one2one,97.0037,97.0037,75,100,1
ENSG00000137691,ENSG00000137691.13,ENST00000530659,ENST00000530659.1,ENSMNEG00000038673,CFAP300,Catarrhini,ortholog_one2one,97.0037,97.0037,75,100,1
ENSG00000137691,ENSG00000137691.13,ENST00000529204,ENST00000529204.1,ENSMNEG00000038673,CFAP300,Catarrhini,ortholog_one2one,97.0037,97.0037,75,100,1
ENSG00000140057,ENSG00000140057.9,ENST00000267584,ENST00000267584.9,ENSMNEG00000034244,AK7,Catarrhini,ortholog_one2one,87.2752,96.7791,100,100,1
ENSG00000140057,ENSG00000140057.9,ENST00000555570,ENST00000555570.1,ENSMNEG00000034244,AK7,Catarrhini,ortholog_one2one,87.2752,96.7791,100,100,1
ENSG00000140057,ENSG00000140057.9,ENST00000556643,ENST00000556643.1,ENSMNEG00000034244,AK7,Catarrhini,ortholog_one2one,87.2752,96.7791,100,100,1
ENSG00000140057,ENSG00000140057.9,ENST00000554313,ENST00000554313.1,ENSMNEG00000034244,AK7,Catarrhini,ortholog_one2one,87.2752,96.7791,100,100,1
ENSG00000140057,ENSG00000140057.9,ENST00000554706,ENST00000554706.1,ENSMNEG00000034244,AK7,Catarrhini,ortholog_one2one,87.2752,96.7791,100,100,1
ENSG00000140623,ENSG00000140623.14,ENST00000588241,ENST00000588241.5,ENSMNEG00000028232,SEPTIN12,Catarrhini,ortholog_one2one,75.1397,86.2179,100,100,1
ENSG00000140623,ENSG00000140623.14,ENST00000396693,ENST00000396693.9,ENSMNEG00000028232,SEPTIN12,Catarrhini,ortholog_one2one,75.1397,86.2179,100,100,1
ENSG00000140623,ENSG00000140623.14,ENST00000268231,ENST00000268231.13,ENSMNEG00000028232,SEPTIN12,Catarrhini,ortholog_one2one,75.1397,86.2179,100,100,1
ENSG00000140623,ENSG00000140623.14,ENST00000587603,ENST00000587603.5,ENSMNEG00000028232,SEPTIN12,Catarrhini,ortholog_one2one,75.1397,86.2179,100,100,1
ENSG00000140623,ENSG00000140623.14,ENST00000590741,ENST00000590741.5,ENSMNEG00000028232,SEPTIN12,Catarrhini,ortholog_one2one,75.1397,86.2179,100,100,1
ENSG00000140623,ENSG00000140623.14,ENST00000591861,ENST00000591861.5,ENSMNEG00000028232,SEPTIN12,Catarrhini,ortholog_one2one,75.1397,86.2179,100,100,1
ENSG00000140623,ENSG00000140623.14,ENST00000590303,ENST00000590303.1,ENSMNEG00000028232,SEPTIN12,Catarrhini,ortholog_one2one,75.1397,86.2179,100,100,1
ENSG00000140623,ENSG00000140623.14,ENST00000591624,ENST00000591624.1,ENSMNEG00000028232,SEPTIN12,Catarrhini,ortholog_one2one,75.1397,86.2179,100,100,1
ENSG00000141013,ENSG00000141013.17,ENST00000563980,ENST00000563980.5,ENSMNEG00000025028,GAS8,Catarrhini,ortholog_one2one,93.5146,96.5443,50,99.8,1
ENSG00000141013,ENSG00000141013.17,ENST00000565957,ENST00000565957.5,ENSMNEG00000025028,GAS8,Catarrhini,ortholog_one2one,93.5146,96.5443,50,99.8,1
ENSG00000141013,ENSG00000141013.17,ENST00000536122,ENST00000536122.7,ENSMNEG00000025028,GAS8,Catarrhini,ortholog_one2one,93.5146,96.5443,50,99.8,1
ENSG00000141013,ENSG00000141013.17,ENST00000568705,ENST00000568705.5,ENSMNEG00000025028,GAS8,Catarrhini,ortholog_one2one,93.5146,96.5443,50,99.8,1
ENSG00000141013,ENSG00000141013.17,ENST00000568664,ENST00000568664.5,ENSMNEG00000025028,GAS8,Catarrhini,ortholog_one2one,93.5146,96.5443,50,99.8,1
ENSG00000141013,ENSG00000141013.17,ENST00000561675,ENST00000561675.1,ENSMNEG00000025028,GAS8,Catarrhini,ortholog_one2one,93.5146,96.5443,50,99.8,1
ENSG00000141013,ENSG00000141013.17,ENST00000564392,ENST00000564392.5,ENSMNEG00000025028,GAS8,Catarrhini,ortholog_one2one,93.5146,96.5443,50,99.8,1
ENSG00000141013,ENSG00000141013.17,ENST00000620723,ENST00000620723.4,ENSMNEG00000025028,GAS8,Catarrhini,ortholog_one2one,93.5146,96.5443,50,99.8,1
ENSG00000141013,ENSG00000141013.17,ENST00000565062,ENST00000565062.5,ENSMNEG00000025028,GAS8,Catarrhini,ortholog_one2one,93.5146,96.5443,50,99.8,1
ENSG00000141013,ENSG00000141013.17,ENST00000540721,ENST00000540721.5,ENSMNEG00000025028,GAS8,Catarrhini,ortholog_one2one,93.5146,96.5443,50,99.8,1
ENSG00000141013,ENSG00000141013.17,ENST00000564853,ENST00000564853.1,ENSMNEG00000025028,GAS8,Catarrhini,ortholog_one2one,93.5146,96.5443,50,99.8,1
ENSG00000141013,ENSG00000141013.17,ENST00000268699,ENST00000268699.9,ENSMNEG00000025028,GAS8,Catarrhini,ortholog_one2one,93.5146,96.5443,50,99.8,1
ENSG00000141013,ENSG00000141013.17,ENST00000537797,ENST00000537797.5,ENSMNEG00000025028,GAS8,Catarrhini,ortholog_one2one,93.5146,96.5443,50,99.8,1
ENSG00000141013,ENSG00000141013.17,ENST00000566266,ENST00000566266.5,ENSMNEG00000025028,GAS8,Catarrhini,ortholog_one2one,93.5146,96.5443,50,99.8,1
ENSG00000141013,ENSG00000141013.17,ENST00000569558,ENST00000569558.5,ENSMNEG00000025028,GAS8,Catarrhini,ortholog_one2one,93.5146,96.5443,50,99.8,1
ENSG00000141013,ENSG00000141013.17,ENST00000564802,ENST00000564802.1,ENSMNEG00000025028,GAS8,Catarrhini,ortholog_one2one,93.5146,96.5443,50,99.8,1
ENSG00000141013,ENSG00000141013.17,ENST00000565000,ENST00000565000.1,ENSMNEG00000025028,GAS8,Catarrhini,ortholog_one2one,93.5146,96.5443,50,99.8,1
ENSG00000141013,ENSG00000141013.17,ENST00000569399,ENST00000569399.1,ENSMNEG00000025028,GAS8,Catarrhini,ortholog_one2one,93.5146,96.5443,50,99.8,1
ENSG00000141013,ENSG00000141013.17,ENST00000564789,ENST00000564789.5,ENSMNEG00000025028,GAS8,Catarrhini,ortholog_one2one,93.5146,96.5443,50,99.8,1
ENSG00000141013,ENSG00000141013.17,ENST00000568284,ENST00000568284.1,ENSMNEG00000025028,GAS8,Catarrhini,ortholog_one2one,93.5146,96.5443,50,99.8,1
ENSG00000141519,ENSG00000141519.15,ENST00000397545,ENST00000397545.9,ENSMNEG00000040404,CCDC40,Catarrhini,ortholog_one2one,84.9387,85.3873,100,99.12,1
ENSG00000141519,ENSG00000141519.15,ENST00000572270,ENST00000572270.1,ENSMNEG00000040404,CCDC40,Catarrhini,ortholog_one2one,84.9387,85.3873,100,99.12,1
ENSG00000141519,ENSG00000141519.15,ENST00000269318,ENST00000269318.9,ENSMNEG00000040404,CCDC40,Catarrhini,ortholog_one2one,84.9387,85.3873,100,99.12,1
ENSG00000141519,ENSG00000141519.15,ENST00000374876,ENST00000374876.4,ENSMNEG00000040404,CCDC40,Catarrhini,ortholog_one2one,84.9387,85.3873,100,99.12,1
ENSG00000141519,ENSG00000141519.15,ENST00000576033,ENST00000576033.5,ENSMNEG00000040404,CCDC40,Catarrhini,ortholog_one2one,84.9387,85.3873,100,99.12,1
ENSG00000141519,ENSG00000141519.15,ENST00000574099,ENST00000574099.1,ENSMNEG00000040404,CCDC40,Catarrhini,ortholog_one2one,84.9387,85.3873,100,99.12,1
ENSG00000141519,ENSG00000141519.15,ENST00000572083,ENST00000572083.5,ENSMNEG00000040404,CCDC40,Catarrhini,ortholog_one2one,84.9387,85.3873,100,99.12,1
ENSG00000141519,ENSG00000141519.15,ENST00000576241,ENST00000576241.1,ENSMNEG00000040404,CCDC40,Catarrhini,ortholog_one2one,84.9387,85.3873,100,99.12,1
ENSG00000141519,ENSG00000141519.15,ENST00000573474,ENST00000573474.5,ENSMNEG00000040404,CCDC40,Catarrhini,ortholog_one2one,84.9387,85.3873,100,99.12,1
ENSG00000141519,ENSG00000141519.15,ENST00000574799,ENST00000574799.5,ENSMNEG00000040404,CCDC40,Catarrhini,ortholog_one2one,84.9387,85.3873,100,99.12,1
ENSG00000141519,ENSG00000141519.15,ENST00000571028,ENST00000571028.1,ENSMNEG00000040404,CCDC40,Catarrhini,ortholog_one2one,84.9387,85.3873,100,99.12,1
ENSG00000141519,ENSG00000141519.15,ENST00000572253,ENST00000572253.5,ENSMNEG00000040404,CCDC40,Catarrhini,ortholog_one2one,84.9387,85.3873,100,99.12,1
ENSG00000141519,ENSG00000141519.15,ENST00000575431,ENST00000575431.1,ENSMNEG00000040404,CCDC40,Catarrhini,ortholog_one2one,84.9387,85.3873,100,99.12,1
ENSG00000141519,ENSG00000141519.15,ENST00000574933,ENST00000574933.1,ENSMNEG00000040404,CCDC40,Catarrhini,ortholog_one2one,84.9387,85.3873,100,99.12,1
ENSG00000141519,ENSG00000141519.15,ENST00000573903,ENST00000573903.1,ENSMNEG00000040404,CCDC40,Catarrhini,ortholog_one2one,84.9387,85.3873,100,99.12,1
ENSG00000141519,ENSG00000141519.15,ENST00000374877,ENST00000374877.7,ENSMNEG00000040404,CCDC40,Catarrhini,ortholog_one2one,84.9387,85.3873,100,99.12,1
ENSG00000143199,ENSG00000143199.18,ENST00000545172,ENST00000545172.5,ENSMNEG00000035818,ADCY10,Catarrhini,ortholog_one2one,90.8075,91.5467,100,99.8,1
ENSG00000143199,ENSG00000143199.18,ENST00000367851,ENST00000367851.9,ENSMNEG00000035818,ADCY10,Catarrhini,ortholog_one2one,90.8075,91.5467,100,99.8,1
ENSG00000143199,ENSG00000143199.18,ENST00000485964,ENST00000485964.5,ENSMNEG00000035818,ADCY10,Catarrhini,ortholog_one2one,90.8075,91.5467,100,99.8,1
ENSG00000143199,ENSG00000143199.18,ENST00000367848,ENST00000367848.1,ENSMNEG00000035818,ADCY10,Catarrhini,ortholog_one2one,90.8075,91.5467,100,99.8,1
ENSG00000143199,ENSG00000143199.18,ENST00000476818,ENST00000476818.2,ENSMNEG00000035818,ADCY10,Catarrhini,ortholog_one2one,90.8075,91.5467,100,99.8,1
ENSG00000145075,ENSG00000145075.13,ENST00000651576,ENST00000651576.1,,,,,,,,,
ENSG00000145075,ENSG00000145075.13,ENST00000471307,ENST00000471307.6,,,,,,,,,
ENSG00000147081,ENSG00000147081.15,ENST00000358526,ENST00000358526.7,ENSMNEG00000022068,AKAP4,Catarrhini,ortholog_one2one,96.0187,96.0187,100,100,1
ENSG00000147081,ENSG00000147081.15,ENST00000376064,ENST00000376064.7,ENSMNEG00000022068,AKAP4,Catarrhini,ortholog_one2one,96.0187,96.0187,100,100,1
ENSG00000147081,ENSG00000147081.15,ENST00000481402,ENST00000481402.5,ENSMNEG00000022068,AKAP4,Catarrhini,ortholog_one2one,96.0187,96.0187,100,100,1
ENSG00000147081,ENSG00000147081.15,ENST00000448865,ENST00000448865.5,ENSMNEG00000022068,AKAP4,Catarrhini,ortholog_one2one,96.0187,96.0187,100,100,1
ENSG00000147081,ENSG00000147081.15,ENST00000437370,ENST00000437370.2,ENSMNEG00000022068,AKAP4,Catarrhini,ortholog_one2one,96.0187,96.0187,100,100,1
ENSG00000147081,ENSG00000147081.15,ENST00000480926,ENST00000480926.1,ENSMNEG00000022068,AKAP4,Catarrhini,ortholog_one2one,96.0187,96.0187,100,100,1
ENSG00000149292,ENSG00000149292.17,ENST00000529221,ENST00000529221.6,ENSMNEG00000032462,TTC12,Catarrhini,ortholog_one2one,91.9149,88.5246,100,100,1
ENSG00000149292,ENSG00000149292.17,ENST00000429951,ENST00000429951.5,ENSMNEG00000032462,TTC12,Catarrhini,ortholog_one2one,91.9149,88.5246,100,100,1
ENSG00000149292,ENSG00000149292.17,ENST00000442859,ENST00000442859.5,ENSMNEG00000032462,TTC12,Catarrhini,ortholog_one2one,91.9149,88.5246,100,100,1
ENSG00000149292,ENSG00000149292.17,ENST00000531164,ENST00000531164.5,ENSMNEG00000032462,TTC12,Catarrhini,ortholog_one2one,91.9149,88.5246,100,100,1
ENSG00000149292,ENSG00000149292.17,ENST00000529850,ENST00000529850.5,ENSMNEG00000032462,TTC12,Catarrhini,ortholog_one2one,91.9149,88.5246,100,100,1
ENSG00000149292,ENSG00000149292.17,ENST00000525965,ENST00000525965.5,ENSMNEG00000032462,TTC12,Catarrhini,ortholog_one2one,91.9149,88.5246,100,100,1
ENSG00000149292,ENSG00000149292.17,ENST00000464224,ENST00000464224.5,ENSMNEG00000032462,TTC12,Catarrhini,ortholog_one2one,91.9149,88.5246,100,100,1
ENSG00000149292,ENSG00000149292.17,ENST00000494714,ENST00000494714.5,ENSMNEG00000032462,TTC12,Catarrhini,ortholog_one2one,91.9149,88.5246,100,100,1
ENSG00000149292,ENSG00000149292.17,ENST00000393020,ENST00000393020.5,ENSMNEG00000032462,TTC12,Catarrhini,ortholog_one2one,91.9149,88.5246,100,100,1
ENSG00000149292,ENSG00000149292.17,ENST00000455306,ENST00000455306.5,ENSMNEG00000032462,TTC12,Catarrhini,ortholog_one2one,91.9149,88.5246,100,100,1
ENSG00000149292,ENSG00000149292.17,ENST00000524580,ENST00000524580.6,ENSMNEG00000032462,TTC12,Catarrhini,ortholog_one2one,91.9149,88.5246,100,100,1
ENSG00000149292,ENSG00000149292.17,ENST00000489064,ENST00000489064.5,ENSMNEG00000032462,TTC12,Catarrhini,ortholog_one2one,91.9149,88.5246,100,100,1
ENSG00000149292,ENSG00000149292.17,ENST00000527781,ENST00000527781.1,ENSMNEG00000032462,TTC12,Catarrhini,ortholog_one2one,91.9149,88.5246,100,100,1
ENSG00000149292,ENSG00000149292.17,ENST00000483239,ENST00000483239.6,ENSMNEG00000032462,TTC12,Catarrhini,ortholog_one2one,91.9149,88.5246,100,100,1
ENSG00000149292,ENSG00000149292.17,ENST00000527362,ENST00000527362.5,ENSMNEG00000032462,TTC12,Catarrhini,ortholog_one2one,91.9149,88.5246,100,100,1
ENSG00000149292,ENSG00000149292.17,ENST00000525989,ENST00000525989.1,ENSMNEG00000032462,TTC12,Catarrhini,ortholog_one2one,91.9149,88.5246,100,100,1
ENSG00000149292,ENSG00000149292.17,ENST00000534793,ENST00000534793.1,ENSMNEG00000032462,TTC12,Catarrhini,ortholog_one2one,91.9149,88.5246,100,100,1
ENSG00000149292,ENSG00000149292.17,ENST00000478125,ENST00000478125.1,ENSMNEG00000032462,TTC12,Catarrhini,ortholog_one2one,91.9149,88.5246,100,100,1
ENSG00000149292,ENSG00000149292.17,ENST00000462711,ENST00000462711.2,ENSMNEG00000032462,TTC12,Catarrhini,ortholog_one2one,91.9149,88.5246,100,100,1
ENSG00000149292,ENSG00000149292.17,ENST00000480233,ENST00000480233.1,ENSMNEG00000032462,TTC12,Catarrhini,ortholog_one2one,91.9149,88.5246,100,100,1
ENSG00000149292,ENSG00000149292.17,ENST00000496311,ENST00000496311.1,ENSMNEG00000032462,TTC12,Catarrhini,ortholog_one2one,91.9149,88.5246,100,100,1
ENSG00000149292,ENSG00000149292.17,ENST00000314756,ENST00000314756.7,ENSMNEG00000032462,TTC12,Catarrhini,ortholog_one2one,91.9149,88.5246,100,100,1
ENSG00000152582,ENSG00000152582.14,ENST00000282469,ENST00000282469.10,ENSMNEG00000032522,SPEF2,Catarrhini,ortholog_one2one,96.213,96.213,100,100,1
ENSG00000152582,ENSG00000152582.14,ENST00000509059,ENST00000509059.5,ENSMNEG00000032522,SPEF2,Catarrhini,ortholog_one2one,96.213,96.213,100,100,1
ENSG00000152582,ENSG00000152582.14,ENST00000637569,ENST00000637569.1,ENSMNEG00000032522,SPEF2,Catarrhini,ortholog_one2one,96.213,96.213,100,100,1
ENSG00000152582,ENSG00000152582.14,ENST00000356031,ENST00000356031.8,ENSMNEG00000032522,SPEF2,Catarrhini,ortholog_one2one,96.213,96.213,100,100,1
ENSG00000152582,ENSG00000152582.14,ENST00000505847,ENST00000505847.5,ENSMNEG00000032522,SPEF2,Catarrhini,ortholog_one2one,96.213,96.213,100,100,1
ENSG00000152582,ENSG00000152582.14,ENST00000505088,ENST00000505088.1,ENSMNEG00000032522,SPEF2,Catarrhini,ortholog_one2one,96.213,96.213,100,100,1
ENSG00000152582,ENSG00000152582.14,ENST00000510777,ENST00000510777.5,ENSMNEG00000032522,SPEF2,Catarrhini,ortholog_one2one,96.213,96.213,100,100,1
ENSG00000152582,ENSG00000152582.14,ENST00000440995,ENST00000440995.6,ENSMNEG00000032522,SPEF2,Catarrhini,ortholog_one2one,96.213,96.213,100,100,1
ENSG00000152582,ENSG00000152582.14,ENST00000502454,ENST00000502454.1,ENSMNEG00000032522,SPEF2,Catarrhini,ortholog_one2one,96.213,96.213,100,100,1
ENSG00000152582,ENSG00000152582.14,ENST00000503074,ENST00000503074.1,ENSMNEG00000032522,SPEF2,Catarrhini,ortholog_one2one,96.213,96.213,100,100,1
ENSG00000152582,ENSG00000152582.14,ENST00000504054,ENST00000504054.1,ENSMNEG00000032522,SPEF2,Catarrhini,ortholog_one2one,96.213,96.213,100,100,1
ENSG00000152582,ENSG00000152582.14,ENST00000508817,ENST00000508817.1,ENSMNEG00000032522,SPEF2,Catarrhini,ortholog_one2one,96.213,96.213,100,100,1
ENSG00000152582,ENSG00000152582.14,ENST00000637061,ENST00000637061.1,ENSMNEG00000032522,SPEF2,Catarrhini,ortholog_one2one,96.213,96.213,100,100,1
ENSG00000152582,ENSG00000152582.14,ENST00000506526,ENST00000506526.5,ENSMNEG00000032522,SPEF2,Catarrhini,ortholog_one2one,96.213,96.213,100,100,1
ENSG00000152582,ENSG00000152582.14,ENST00000513078,ENST00000513078.1,ENSMNEG00000032522,SPEF2,Catarrhini,ortholog_one2one,96.213,96.213,100,100,1
ENSG00000152582,ENSG00000152582.14,ENST00000635995,ENST00000635995.1,ENSMNEG00000032522,SPEF2,Catarrhini,ortholog_one2one,96.213,96.213,100,100,1
ENSG00000154099,ENSG00000154099.18,ENST00000570298,ENST00000570298.5,ENSMNEG00000035067,DNAAF1,Catarrhini,ortholog_one2one,87.8621,91.2607,100,99.65,1
ENSG00000154099,ENSG00000154099.18,ENST00000378553,ENST00000378553.10,ENSMNEG00000035067,DNAAF1,Catarrhini,ortholog_one2one,87.8621,91.2607,100,99.65,1
ENSG00000154099,ENSG00000154099.18,ENST00000567918,ENST00000567918.5,ENSMNEG00000035067,DNAAF1,Catarrhini,ortholog_one2one,87.8621,91.2607,100,99.65,1
ENSG00000154099,ENSG00000154099.18,ENST00000563093,ENST00000563093.5,ENSMNEG00000035067,DNAAF1,Catarrhini,ortholog_one2one,87.8621,91.2607,100,99.65,1
ENSG00000154099,ENSG00000154099.18,ENST00000563818,ENST00000563818.5,ENSMNEG00000035067,DNAAF1,Catarrhini,ortholog_one2one,87.8621,91.2607,100,99.65,1
ENSG00000154099,ENSG00000154099.18,ENST00000567666,ENST00000567666.1,ENSMNEG00000035067,DNAAF1,Catarrhini,ortholog_one2one,87.8621,91.2607,100,99.65,1
ENSG00000154099,ENSG00000154099.18,ENST00000623406,ENST00000623406.1,ENSMNEG00000035067,DNAAF1,Catarrhini,ortholog_one2one,87.8621,91.2607,100,99.65,1
ENSG00000154099,ENSG00000154099.18,ENST00000562024,ENST00000562024.1,ENSMNEG00000035067,DNAAF1,Catarrhini,ortholog_one2one,87.8621,91.2607,100,99.65,1
ENSG00000154099,ENSG00000154099.18,ENST00000569735,ENST00000569735.1,ENSMNEG00000035067,DNAAF1,Catarrhini,ortholog_one2one,87.8621,91.2607,100,99.65,1
ENSG00000154099,ENSG00000154099.18,ENST00000564928,ENST00000564928.1,ENSMNEG00000035067,DNAAF1,Catarrhini,ortholog_one2one,87.8621,91.2607,100,99.65,1
ENSG00000155761,ENSG00000155761.14,ENST00000466857,ENST00000466857.5,ENSMNEG00000037993,SPAG17,Catarrhini,ortholog_one2one,94.8718,95,100,100,1
ENSG00000155761,ENSG00000155761.14,ENST00000478697,ENST00000478697.5,ENSMNEG00000037993,SPAG17,Catarrhini,ortholog_one2one,94.8718,95,100,100,1
ENSG00000155761,ENSG00000155761.14,ENST00000336338,ENST00000336338.10,ENSMNEG00000037993,SPAG17,Catarrhini,ortholog_one2one,94.8718,95,100,100,1
ENSG00000155761,ENSG00000155761.14,ENST00000469128,ENST00000469128.1,ENSMNEG00000037993,SPAG17,Catarrhini,ortholog_one2one,94.8718,95,100,100,1
ENSG00000155761,ENSG00000155761.14,ENST00000437255,ENST00000437255.1,ENSMNEG00000037993,SPAG17,Catarrhini,ortholog_one2one,94.8718,95,100,100,1
ENSG00000155761,ENSG00000155761.14,ENST00000492438,ENST00000492438.5,ENSMNEG00000037993,SPAG17,Catarrhini,ortholog_one2one,94.8718,95,100,100,1
ENSG00000155761,ENSG00000155761.14,ENST00000483383,ENST00000483383.1,ENSMNEG00000037993,SPAG17,Catarrhini,ortholog_one2one,94.8718,95,100,100,1
ENSG00000155761,ENSG00000155761.14,ENST00000470550,ENST00000470550.1,ENSMNEG00000037993,SPAG17,Catarrhini,ortholog_one2one,94.8718,95,100,100,1
ENSG00000155761,ENSG00000155761.14,ENST00000486589,ENST00000486589.1,ENSMNEG00000037993,SPAG17,Catarrhini,ortholog_one2one,94.8718,95,100,100,1
ENSG00000155761,ENSG00000155761.14,ENST00000477444,ENST00000477444.1,ENSMNEG00000037993,SPAG17,Catarrhini,ortholog_one2one,94.8718,95,100,100,1
ENSG00000155761,ENSG00000155761.14,ENST00000473472,ENST00000473472.1,ENSMNEG00000037993,SPAG17,Catarrhini,ortholog_one2one,94.8718,95,100,100,1
ENSG00000155761,ENSG00000155761.14,ENST00000463628,ENST00000463628.1,ENSMNEG00000037993,SPAG17,Catarrhini,ortholog_one2one,94.8718,95,100,100,1
ENSG00000155761,ENSG00000155761.14,ENST00000465053,ENST00000465053.1,ENSMNEG00000037993,SPAG17,Catarrhini,ortholog_one2one,94.8718,95,100,100,1
ENSG00000156042,ENSG00000156042.18,ENST00000462684,ENST00000462684.5,ENSMNEG00000032291,CFAP70,Catarrhini,ortholog_one2one,94.6476,94.7321,100,100,1
ENSG00000156042,ENSG00000156042.18,ENST00000495161,ENST00000495161.5,ENSMNEG00000032291,CFAP70,Catarrhini,ortholog_one2one,94.6476,94.7321,100,100,1
ENSG00000156042,ENSG00000156042.18,ENST00000433268,ENST00000433268.5,ENSMNEG00000032291,CFAP70,Catarrhini,ortholog_one2one,94.6476,94.7321,100,100,1
ENSG00000156042,ENSG00000156042.18,ENST00000493787,ENST00000493787.6,ENSMNEG00000032291,CFAP70,Catarrhini,ortholog_one2one,94.6476,94.7321,100,100,1
ENSG00000156042,ENSG00000156042.18,ENST00000340329,ENST00000340329.7,ENSMNEG00000032291,CFAP70,Catarrhini,ortholog_one2one,94.6476,94.7321,100,100,1
ENSG00000156042,ENSG00000156042.18,ENST00000355577,ENST00000355577.8,ENSMNEG00000032291,CFAP70,Catarrhini,ortholog_one2one,94.6476,94.7321,100,100,1
ENSG00000156042,ENSG00000156042.18,ENST00000310715,ENST00000310715.7,ENSMNEG00000032291,CFAP70,Catarrhini,ortholog_one2one,94.6476,94.7321,100,100,1
ENSG00000156042,ENSG00000156042.18,ENST00000394865,ENST00000394865.2,ENSMNEG00000032291,CFAP70,Catarrhini,ortholog_one2one,94.6476,94.7321,100,100,1
ENSG00000157423,ENSG00000157423.18,ENST00000393567,ENST00000393567.7,ENSMNEG00000029763,HYDIN,Catarrhini,ortholog_one2one,95.6259,95.738,100,100,1
ENSG00000157423,ENSG00000157423.18,ENST00000378856,ENST00000378856.8,ENSMNEG00000029763,HYDIN,Catarrhini,ortholog_one2one,95.6259,95.738,100,100,1
ENSG00000157423,ENSG00000157423.18,ENST00000542283,ENST00000542283.1,ENSMNEG00000029763,HYDIN,Catarrhini,ortholog_one2one,95.6259,95.738,100,100,1
ENSG00000157423,ENSG00000157423.18,ENST00000546257,ENST00000546257.1,ENSMNEG00000029763,HYDIN,Catarrhini,ortholog_one2one,95.6259,95.738,100,100,1
ENSG00000157423,ENSG00000157423.18,ENST00000309900,ENST00000309900.11,ENSMNEG00000029763,HYDIN,Catarrhini,ortholog_one2one,95.6259,95.738,100,100,1
ENSG00000157423,ENSG00000157423.18,ENST00000543521,ENST00000543521.1,ENSMNEG00000029763,HYDIN,Catarrhini,ortholog_one2one,95.6259,95.738,100,100,1
ENSG00000157423,ENSG00000157423.18,ENST00000546297,ENST00000546297.2,ENSMNEG00000029763,HYDIN,Catarrhini,ortholog_one2one,95.6259,95.738,100,100,1
ENSG00000157423,ENSG00000157423.18,ENST00000393552,ENST00000393552.6,ENSMNEG00000029763,HYDIN,Catarrhini,ortholog_one2one,95.6259,95.738,100,100,1
ENSG00000157423,ENSG00000157423.18,ENST00000538568,ENST00000538568.5,ENSMNEG00000029763,HYDIN,Catarrhini,ortholog_one2one,95.6259,95.738,100,100,1
ENSG00000157423,ENSG00000157423.18,ENST00000539447,ENST00000539447.5,ENSMNEG00000029763,HYDIN,Catarrhini,ortholog_one2one,95.6259,95.738,100,100,1
ENSG00000157423,ENSG00000157423.18,ENST00000321489,ENST00000321489.9,ENSMNEG00000029763,HYDIN,Catarrhini,ortholog_one2one,95.6259,95.738,100,100,1
ENSG00000157423,ENSG00000157423.18,ENST00000538248,ENST00000538248.5,ENSMNEG00000029763,HYDIN,Catarrhini,ortholog_one2one,95.6259,95.738,100,100,1
ENSG00000157423,ENSG00000157423.18,ENST00000545230,ENST00000545230.5,ENSMNEG00000029763,HYDIN,Catarrhini,ortholog_one2one,95.6259,95.738,100,100,1
ENSG00000157423,ENSG00000157423.18,ENST00000540892,ENST00000540892.1,ENSMNEG00000029763,HYDIN,Catarrhini,ortholog_one2one,95.6259,95.738,100,100,1
ENSG00000157423,ENSG00000157423.18,ENST00000541601,ENST00000541601.5,ENSMNEG00000029763,HYDIN,Catarrhini,ortholog_one2one,95.6259,95.738,100,100,1
ENSG00000157423,ENSG00000157423.18,ENST00000288168,ENST00000288168.14,ENSMNEG00000029763,HYDIN,Catarrhini,ortholog_one2one,95.6259,95.738,100,100,1
ENSG00000157423,ENSG00000157423.18,ENST00000542890,ENST00000542890.1,ENSMNEG00000029763,HYDIN,Catarrhini,ortholog_one2one,95.6259,95.738,100,100,1
ENSG00000157423,ENSG00000157423.18,ENST00000543639,ENST00000543639.1,ENSMNEG00000029763,HYDIN,Catarrhini,ortholog_one2one,95.6259,95.738,100,100,1
ENSG00000157423,ENSG00000157423.18,ENST00000538382,ENST00000538382.1,ENSMNEG00000029763,HYDIN,Catarrhini,ortholog_one2one,95.6259,95.738,100,100,1
ENSG00000157423,ENSG00000157423.18,ENST00000536785,ENST00000536785.1,ENSMNEG00000029763,HYDIN,Catarrhini,ortholog_one2one,95.6259,95.738,100,100,1
ENSG00000157423,ENSG00000157423.18,ENST00000537789,ENST00000537789.1,ENSMNEG00000029763,HYDIN,Catarrhini,ortholog_one2one,95.6259,95.738,100,100,1
ENSG00000157423,ENSG00000157423.18,ENST00000539973,ENST00000539973.5,ENSMNEG00000029763,HYDIN,Catarrhini,ortholog_one2one,95.6259,95.738,100,100,1
ENSG00000157423,ENSG00000157423.18,ENST00000545267,ENST00000545267.1,ENSMNEG00000029763,HYDIN,Catarrhini,ortholog_one2one,95.6259,95.738,100,100,1
ENSG00000158023,ENSG00000158023.10,ENST00000288912,ENST00000288912.9,ENSMNEG00000029201,CFAP251,Catarrhini,ortholog_one2one,95.6484,95.3993,100,100,1
ENSG00000158023,ENSG00000158023.10,ENST00000397454,ENST00000397454.2,ENSMNEG00000029201,CFAP251,Catarrhini,ortholog_one2one,95.6484,95.3993,100,100,1
ENSG00000158023,ENSG00000158023.10,ENST00000540779,ENST00000540779.1,ENSMNEG00000029201,CFAP251,Catarrhini,ortholog_one2one,95.6484,95.3993,100,100,1
ENSG00000158023,ENSG00000158023.10,ENST00000546044,ENST00000546044.1,ENSMNEG00000029201,CFAP251,Catarrhini,ortholog_one2one,95.6484,95.3993,100,100,1
ENSG00000158023,ENSG00000158023.10,ENST00000543211,ENST00000543211.5,ENSMNEG00000029201,CFAP251,Catarrhini,ortholog_one2one,95.6484,95.3993,100,100,1
ENSG00000158023,ENSG00000158023.10,ENST00000535257,ENST00000535257.1,ENSMNEG00000029201,CFAP251,Catarrhini,ortholog_one2one,95.6484,95.3993,100,100,1
ENSG00000158023,ENSG00000158023.10,ENST00000545752,ENST00000545752.1,ENSMNEG00000029201,CFAP251,Catarrhini,ortholog_one2one,95.6484,95.3993,100,100,1
ENSG00000158023,ENSG00000158023.10,ENST00000428465,ENST00000428465.2,ENSMNEG00000029201,CFAP251,Catarrhini,ortholog_one2one,95.6484,95.3993,100,100,1
ENSG00000158023,ENSG00000158023.10,ENST00000545988,ENST00000545988.1,ENSMNEG00000029201,CFAP251,Catarrhini,ortholog_one2one,95.6484,95.3993,100,100,1
ENSG00000160188,ENSG00000160188.10,ENST00000291536,ENST00000291536.8,ENSMNEG00000041436,RSPH1,Catarrhini,ortholog_one2one,93.2039,83.965,100,100,1
ENSG00000160188,ENSG00000160188.10,ENST00000493019,ENST00000493019.1,ENSMNEG00000041436,RSPH1,Catarrhini,ortholog_one2one,93.2039,83.965,100,100,1
ENSG00000160188,ENSG00000160188.10,ENST00000398352,ENST00000398352.3,ENSMNEG00000041436,RSPH1,Catarrhini,ortholog_one2one,93.2039,83.965,100,100,1
ENSG00000164818,ENSG00000164818.16,ENST00000297440,ENST00000297440.11,ENSMNEG00000043037,DNAAF5,Catarrhini,ortholog_one2one,87.0175,95.2625,100,99.05,1
ENSG00000164818,ENSG00000164818.16,ENST00000437419,ENST00000437419.5,ENSMNEG00000043037,DNAAF5,Catarrhini,ortholog_one2one,87.0175,95.2625,100,99.05,1
ENSG00000164818,ENSG00000164818.16,ENST00000438961,ENST00000438961.1,ENSMNEG00000043037,DNAAF5,Catarrhini,ortholog_one2one,87.0175,95.2625,100,99.05,1
ENSG00000164818,ENSG00000164818.16,ENST00000440747,ENST00000440747.5,ENSMNEG00000043037,DNAAF5,Catarrhini,ortholog_one2one,87.0175,95.2625,100,99.05,1
ENSG00000164818,ENSG00000164818.16,ENST00000491496,ENST00000491496.1,ENSMNEG00000043037,DNAAF5,Catarrhini,ortholog_one2one,87.0175,95.2625,100,99.05,1
ENSG00000164818,ENSG00000164818.16,ENST00000403952,ENST00000403952.3,ENSMNEG00000043037,DNAAF5,Catarrhini,ortholog_one2one,87.0175,95.2625,100,99.05,1
ENSG00000164818,ENSG00000164818.16,ENST00000486546,ENST00000486546.1,ENSMNEG00000043037,DNAAF5,Catarrhini,ortholog_one2one,87.0175,95.2625,100,99.05,1
ENSG00000164818,ENSG00000164818.16,ENST00000461576,ENST00000461576.1,ENSMNEG00000043037,DNAAF5,Catarrhini,ortholog_one2one,87.0175,95.2625,100,99.05,1
ENSG00000165506,ENSG00000165506.15,ENST00000298292,ENST00000298292.13,ENSMNEG00000034164,DNAAF2,Catarrhini,ortholog_one2one,93.19,92.3077,75,100,1
ENSG00000165506,ENSG00000165506.15,ENST00000406043,ENST00000406043.3,ENSMNEG00000034164,DNAAF2,Catarrhini,ortholog_one2one,93.19,92.3077,75,100,1
ENSG00000166762,ENSG00000166762.19,ENST00000396879,ENST00000396879.8,ENSMNEG00000037620,,Catarrhini,ortholog_one2many,46.9811,80.8442,100,81.46,0
ENSG00000166762,ENSG00000166762.19,ENST00000396879,ENST00000396879.8,ENSMNEG00000041683,,Catarrhini,ortholog_one2many,72.8302,90.6103,100,28.65,1
ENSG00000166762,ENSG00000166762.19,ENST00000381761,ENST00000381761.6,ENSMNEG00000037620,,Catarrhini,ortholog_one2many,46.9811,80.8442,100,81.46,0
ENSG00000166762,ENSG00000166762.19,ENST00000381761,ENST00000381761.6,ENSMNEG00000041683,,Catarrhini,ortholog_one2many,72.8302,90.6103,100,28.65,1
ENSG00000166762,ENSG00000166762.19,ENST00000450810,ENST00000450810.5,ENSMNEG00000037620,,Catarrhini,ortholog_one2many,46.9811,80.8442,100,81.46,0
ENSG00000166762,ENSG00000166762.19,ENST00000450810,ENST00000450810.5,ENSMNEG00000041683,,Catarrhini,ortholog_one2many,72.8302,90.6103,100,28.65,1
ENSG00000166762,ENSG00000166762.19,ENST00000321596,ENST00000321596.6,ENSMNEG00000037620,,Catarrhini,ortholog_one2many,46.9811,80.8442,100,81.46,0
ENSG00000166762,ENSG00000166762.19,ENST00000321596,ENST00000321596.6,ENSMNEG00000041683,,Catarrhini,ortholog_one2many,72.8302,90.6103,100,28.65,1
ENSG00000166762,ENSG00000166762.19,ENST00000469461,ENST00000469461.6,ENSMNEG00000037620,,Catarrhini,ortholog_one2many,46.9811,80.8442,100,81.46,0
ENSG00000166762,ENSG00000166762.19,ENST00000469461,ENST00000469461.6,ENSMNEG00000041683,,Catarrhini,ortholog_one2many,72.8302,90.6103,100,28.65,1
ENSG00000166762,ENSG00000166762.19,ENST00000433380,ENST00000433380.5,ENSMNEG00000037620,,Catarrhini,ortholog_one2many,46.9811,80.8442,100,81.46,0
ENSG00000166762,ENSG00000166762.19,ENST00000433380,ENST00000433380.5,ENSMNEG00000041683,,Catarrhini,ortholog_one2many,72.8302,90.6103,100,28.65,1
ENSG00000166762,ENSG00000166762.19,ENST00000419262,ENST00000419262.1,ENSMNEG00000037620,,Catarrhini,ortholog_one2many,46.9811,80.8442,100,81.46,0
ENSG00000166762,ENSG00000166762.19,ENST00000419262,ENST00000419262.1,ENSMNEG00000041683,,Catarrhini,ortholog_one2many,72.8302,90.6103,100,28.65,1
ENSG00000166762,ENSG00000166762.19,ENST00000472960,ENST00000472960.1,ENSMNEG00000037620,,Catarrhini,ortholog_one2many,46.9811,80.8442,100,81.46,0
ENSG00000166762,ENSG00000166762.19,ENST00000472960,ENST00000472960.1,ENSMNEG00000041683,,Catarrhini,ortholog_one2many,72.8302,90.6103,100,28.65,1
ENSG00000166762,ENSG00000166762.19,ENST00000415968,ENST00000415968.2,ENSMNEG00000037620,,Catarrhini,ortholog_one2many,46.9811,80.8442,100,81.46,0
ENSG00000166762,ENSG00000166762.19,ENST00000415968,ENST00000415968.2,ENSMNEG00000041683,,Catarrhini,ortholog_one2many,72.8302,90.6103,100,28.65,1
ENSG00000166762,ENSG00000166762.19,ENST00000464721,ENST00000464721.5,ENSMNEG00000037620,,Catarrhini,ortholog_one2many,46.9811,80.8442,100,81.46,0
ENSG00000166762,ENSG00000166762.19,ENST00000464721,ENST00000464721.5,ENSMNEG00000041683,,Catarrhini,ortholog_one2many,72.8302,90.6103,100,28.65,1
ENSG00000166762,ENSG00000166762.19,ENST00000432420,ENST00000432420.5,ENSMNEG00000037620,,Catarrhini,ortholog_one2many,46.9811,80.8442,100,81.46,0
ENSG00000166762,ENSG00000166762.19,ENST00000432420,ENST00000432420.5,ENSMNEG00000041683,,Catarrhini,ortholog_one2many,72.8302,90.6103,100,28.65,1
ENSG00000166762,ENSG00000166762.19,ENST00000409481,ENST00000409481.1,ENSMNEG00000037620,,Catarrhini,ortholog_one2many,46.9811,80.8442,100,81.46,0
ENSG00000166762,ENSG00000166762.19,ENST00000409481,ENST00000409481.1,ENSMNEG00000041683,,Catarrhini,ortholog_one2many,72.8302,90.6103,100,28.65,1
ENSG00000167646,ENSG00000167646.14,ENST00000533527,ENST00000533527.6,ENSMNEG00000038201,,Catarrhini,ortholog_one2many,94.085,94.2593,100,100,1
ENSG00000167646,ENSG00000167646.14,ENST00000524407,ENST00000524407.7,ENSMNEG00000038201,,Catarrhini,ortholog_one2many,94.085,94.2593,100,100,1
ENSG00000167646,ENSG00000167646.14,ENST00000528412,ENST00000528412.5,ENSMNEG00000038201,,Catarrhini,ortholog_one2many,94.085,94.2593,100,100,1
ENSG00000167646,ENSG00000167646.14,ENST00000527223,ENST00000527223.6,ENSMNEG00000038201,,Catarrhini,ortholog_one2many,94.085,94.2593,100,100,1
ENSG00000167646,ENSG00000167646.14,ENST00000391720,ENST00000391720.8,ENSMNEG00000038201,,Catarrhini,ortholog_one2many,94.085,94.2593,100,100,1
ENSG00000167646,ENSG00000167646.14,ENST00000587789,ENST00000587789.2,ENSMNEG00000038201,,Catarrhini,ortholog_one2many,94.085,94.2593,100,100,1
ENSG00000167646,ENSG00000167646.14,ENST00000588076,ENST00000588076.1,ENSMNEG00000038201,,Catarrhini,ortholog_one2many,94.085,94.2593,100,100,1
ENSG00000167646,ENSG00000167646.14,ENST00000527292,ENST00000527292.5,ENSMNEG00000038201,,Catarrhini,ortholog_one2many,94.085,94.2593,100,100,1
ENSG00000167646,ENSG00000167646.14,ENST00000526959,ENST00000526959.5,ENSMNEG00000038201,,Catarrhini,ortholog_one2many,94.085,94.2593,100,100,1
ENSG00000167646,ENSG00000167646.14,ENST00000527166,ENST00000527166.1,ENSMNEG00000038201,,Catarrhini,ortholog_one2many,94.085,94.2593,100,100,1
ENSG00000167646,ENSG00000167646.14,ENST00000526003,ENST00000526003.5,ENSMNEG00000038201,,Catarrhini,ortholog_one2many,94.085,94.2593,100,100,1
ENSG00000167646,ENSG00000167646.14,ENST00000534170,ENST00000534170.5,ENSMNEG00000038201,,Catarrhini,ortholog_one2many,94.085,94.2593,100,100,1
ENSG00000167646,ENSG00000167646.14,ENST00000532817,ENST00000532817.5,ENSMNEG00000038201,,Catarrhini,ortholog_one2many,94.085,94.2593,100,100,1
ENSG00000167646,ENSG00000167646.14,ENST00000534214,ENST00000534214.1,ENSMNEG00000038201,,Catarrhini,ortholog_one2many,94.085,94.2593,100,100,1
ENSG00000167646,ENSG00000167646.14,ENST00000528476,ENST00000528476.1,ENSMNEG00000038201,,Catarrhini,ortholog_one2many,94.085,94.2593,100,100,1
ENSG00000167646,ENSG00000167646.14,ENST00000586877,ENST00000586877.1,ENSMNEG00000038201,,Catarrhini,ortholog_one2many,94.085,94.2593,100,100,1
ENSG00000167646,ENSG00000167646.14,ENST00000455045,ENST00000455045.5,ENSMNEG00000038201,,Catarrhini,ortholog_one2many,94.085,94.2593,100,100,1
ENSG00000168026,ENSG00000168026.19,ENST00000431162,ENST00000431162.6,ENSMNEG00000015306,TTC21A,Catarrhini,ortholog_one2one,96.9535,96.0755,100,100,1
ENSG00000168026,ENSG00000168026.19,ENST00000479954,ENST00000479954.5,ENSMNEG00000015306,TTC21A,Catarrhini,ortholog_one2one,96.9535,96.0755,100,100,1
ENSG00000168026,ENSG00000168026.19,ENST00000430597,ENST00000430597.6,ENSMNEG00000015306,TTC21A,Catarrhini,ortholog_one2one,96.9535,96.0755,100,100,1
ENSG00000168026,ENSG00000168026.19,ENST00000493337,ENST00000493337.5,ENSMNEG00000015306,TTC21A,Catarrhini,ortholog_one2one,96.9535,96.0755,100,100,1
ENSG00000168026,ENSG00000168026.19,ENST00000431559,ENST00000431559.5,ENSMNEG00000015306,TTC21A,Catarrhini,ortholog_one2one,96.9535,96.0755,100,100,1
ENSG00000168026,ENSG00000168026.19,ENST00000490036,ENST00000490036.5,ENSMNEG00000015306,TTC21A,Catarrhini,ortholog_one2one,96.9535,96.0755,100,100,1
ENSG00000168026,ENSG00000168026.19,ENST00000459702,ENST00000459702.1,ENSMNEG00000015306,TTC21A,Catarrhini,ortholog_one2one,96.9535,96.0755,100,100,1
ENSG00000168026,ENSG00000168026.19,ENST00000425163,ENST00000425163.5,ENSMNEG00000015306,TTC21A,Catarrhini,ortholog_one2one,96.9535,96.0755,100,100,1
ENSG00000168026,ENSG00000168026.19,ENST00000440121,ENST00000440121.1,ENSMNEG00000015306,TTC21A,Catarrhini,ortholog_one2one,96.9535,96.0755,100,100,1
ENSG00000168026,ENSG00000168026.19,ENST00000466875,ENST00000466875.1,ENSMNEG00000015306,TTC21A,Catarrhini,ortholog_one2one,96.9535,96.0755,100,100,1
ENSG00000168026,ENSG00000168026.19,ENST00000471025,ENST00000471025.1,ENSMNEG00000015306,TTC21A,Catarrhini,ortholog_one2one,96.9535,96.0755,100,100,1
ENSG00000168026,ENSG00000168026.19,ENST00000473587,ENST00000473587.1,ENSMNEG00000015306,TTC21A,Catarrhini,ortholog_one2one,96.9535,96.0755,100,100,1
ENSG00000168026,ENSG00000168026.19,ENST00000472866,ENST00000472866.6,ENSMNEG00000015306,TTC21A,Catarrhini,ortholog_one2one,96.9535,96.0755,100,100,1
ENSG00000168026,ENSG00000168026.19,ENST00000493856,ENST00000493856.5,ENSMNEG00000015306,TTC21A,Catarrhini,ortholog_one2one,96.9535,96.0755,100,100,1
ENSG00000168026,ENSG00000168026.19,ENST00000481734,ENST00000481734.1,ENSMNEG00000015306,TTC21A,Catarrhini,ortholog_one2one,96.9535,96.0755,100,100,1
ENSG00000168026,ENSG00000168026.19,ENST00000465962,ENST00000465962.1,ENSMNEG00000015306,TTC21A,Catarrhini,ortholog_one2one,96.9535,96.0755,100,100,1
ENSG00000168026,ENSG00000168026.19,ENST00000490245,ENST00000490245.1,ENSMNEG00000015306,TTC21A,Catarrhini,ortholog_one2one,96.9535,96.0755,100,100,1
ENSG00000168026,ENSG00000168026.19,ENST00000460460,ENST00000460460.1,ENSMNEG00000015306,TTC21A,Catarrhini,ortholog_one2one,96.9535,96.0755,100,100,1
ENSG00000168026,ENSG00000168026.19,ENST00000683103,ENST00000683103.1,ENSMNEG00000015306,TTC21A,Catarrhini,ortholog_one2one,96.9535,96.0755,100,100,1
ENSG00000171595,ENSG00000171595.14,ENST00000582036,ENST00000582036.5,ENSMNEG00000031905,DNAI2,Catarrhini,ortholog_one2one,95.5372,95.5372,100,100,1
ENSG00000171595,ENSG00000171595.14,ENST00000579055,ENST00000579055.5,ENSMNEG00000031905,DNAI2,Catarrhini,ortholog_one2one,95.5372,95.5372,100,100,1
ENSG00000171595,ENSG00000171595.14,ENST00000311014,ENST00000311014.11,ENSMNEG00000031905,DNAI2,Catarrhini,ortholog_one2one,95.5372,95.5372,100,100,1
ENSG00000171595,ENSG00000171595.14,ENST00000579490,ENST00000579490.5,ENSMNEG00000031905,DNAI2,Catarrhini,ortholog_one2one,95.5372,95.5372,100,100,1
ENSG00000171595,ENSG00000171595.14,ENST00000579312,ENST00000579312.1,ENSMNEG00000031905,DNAI2,Catarrhini,ortholog_one2one,95.5372,95.5372,100,100,1
ENSG00000171595,ENSG00000171595.14,ENST00000446837,ENST00000446837.2,ENSMNEG00000031905,DNAI2,Catarrhini,ortholog_one2one,95.5372,95.5372,100,100,1
ENSG00000172426,ENSG00000172426.16,ENST00000372163,ENST00000372163.5,ENSMNEG00000045520,RSPH9,Eutheria,ortholog_one2one,78.2609,71.7608,100,100,1
ENSG00000172426,ENSG00000172426.16,ENST00000372165,ENST00000372165.8,ENSMNEG00000045520,RSPH9,Eutheria,ortholog_one2one,78.2609,71.7608,100,100,1
ENSG00000174799,ENSG00000174799.11,ENST00000422247,ENST00000422247.6,ENSMNEG00000032627,CEP135,Catarrhini,ortholog_one2one,98.2456,98.2456,100,100,1
ENSG00000174799,ENSG00000174799.11,ENST00000506809,ENST00000506809.1,ENSMNEG00000032627,CEP135,Catarrhini,ortholog_one2one,98.2456,98.2456,100,100,1
ENSG00000174799,ENSG00000174799.11,ENST00000257287,ENST00000257287.5,ENSMNEG00000032627,CEP135,Catarrhini,ortholog_one2one,98.2456,98.2456,100,100,1
ENSG00000174799,ENSG00000174799.11,ENST00000515081,ENST00000515081.1,ENSMNEG00000032627,CEP135,Catarrhini,ortholog_one2one,98.2456,98.2456,100,100,1
ENSG00000174799,ENSG00000174799.11,ENST00000506202,ENST00000506202.1,ENSMNEG00000032627,CEP135,Catarrhini,ortholog_one2one,98.2456,98.2456,100,100,1
ENSG00000175294,ENSG00000175294.6,ENST00000312106,ENST00000312106.6,ENSMNEG00000036732,CATSPER1,Catarrhini,ortholog_one2one,85.2564,86.3636,100,100,1
ENSG00000175294,ENSG00000175294.6,ENST00000529244,ENST00000529244.1,ENSMNEG00000036732,CATSPER1,Catarrhini,ortholog_one2one,85.2564,86.3636,100,100,1
ENSG00000179299,ENSG00000179299.17,ENST00000381782,ENST00000381782.7,ENSMNEG00000038051,NSUN7,Catarrhini,ortholog_one2one,95.8217,95.9554,100,100,1
ENSG00000179299,ENSG00000179299.17,ENST00000316607,ENST00000316607.5,ENSMNEG00000038051,NSUN7,Catarrhini,ortholog_one2one,95.8217,95.9554,100,100,1
ENSG00000179299,ENSG00000179299.17,ENST00000473399,ENST00000473399.5,ENSMNEG00000038051,NSUN7,Catarrhini,ortholog_one2one,95.8217,95.9554,100,100,1
ENSG00000179299,ENSG00000179299.17,ENST00000463952,ENST00000463952.5,ENSMNEG00000038051,NSUN7,Catarrhini,ortholog_one2one,95.8217,95.9554,100,100,1
ENSG00000179299,ENSG00000179299.17,ENST00000469033,ENST00000469033.1,ENSMNEG00000038051,NSUN7,Catarrhini,ortholog_one2one,95.8217,95.9554,100,100,1
ENSG00000179299,ENSG00000179299.17,ENST00000423784,ENST00000423784.5,ENSMNEG00000038051,NSUN7,Catarrhini,ortholog_one2one,95.8217,95.9554,100,100,1
ENSG00000179299,ENSG00000179299.17,ENST00000478857,ENST00000478857.1,ENSMNEG00000038051,NSUN7,Catarrhini,ortholog_one2one,95.8217,95.9554,100,100,1
ENSG00000179397,ENSG00000179397.18,ENST00000473875,ENST00000473875.5,ENSMNEG00000026147,CATSPERE,Catarrhini,ortholog_one2one,85.2787,86.6453,100,99.93,1
ENSG00000179397,ENSG00000179397.18,ENST00000366534,ENST00000366534.9,ENSMNEG00000026147,CATSPERE,Catarrhini,ortholog_one2one,85.2787,86.6453,100,99.93,1
ENSG00000179397,ENSG00000179397.18,ENST00000460986,ENST00000460986.5,ENSMNEG00000026147,CATSPERE,Catarrhini,ortholog_one2one,85.2787,86.6453,100,99.93,1
ENSG00000179397,ENSG00000179397.18,ENST00000366533,ENST00000366533.8,ENSMNEG00000026147,CATSPERE,Catarrhini,ortholog_one2one,85.2787,86.6453,100,99.93,1
ENSG00000179397,ENSG00000179397.18,ENST00000478554,ENST00000478554.5,ENSMNEG00000026147,CATSPERE,Catarrhini,ortholog_one2one,85.2787,86.6453,100,99.93,1
ENSG00000179397,ENSG00000179397.18,ENST00000428042,ENST00000428042.1,ENSMNEG00000026147,CATSPERE,Catarrhini,ortholog_one2one,85.2787,86.6453,100,99.93,1
ENSG00000179397,ENSG00000179397.18,ENST00000464170,ENST00000464170.1,ENSMNEG00000026147,CATSPERE,Catarrhini,ortholog_one2one,85.2787,86.6453,100,99.93,1
ENSG00000179397,ENSG00000179397.18,ENST00000485888,ENST00000485888.1,ENSMNEG00000026147,CATSPERE,Catarrhini,ortholog_one2one,85.2787,86.6453,100,99.93,1
ENSG00000179397,ENSG00000179397.18,ENST00000487449,ENST00000487449.1,ENSMNEG00000026147,CATSPERE,Catarrhini,ortholog_one2one,85.2787,86.6453,100,99.93,1
ENSG00000179397,ENSG00000179397.18,ENST00000366531,ENST00000366531.7,ENSMNEG00000026147,CATSPERE,Catarrhini,ortholog_one2one,85.2787,86.6453,100,99.93,1
ENSG00000181378,ENSG00000181378.14,ENST00000341552,ENST00000341552.10,ENSMNEG00000037521,CFAP65,Catarrhini,ortholog_one2one,95.3766,95.3766,100,100,1
ENSG00000181378,ENSG00000181378.14,ENST00000453220,ENST00000453220.5,ENSMNEG00000037521,CFAP65,Catarrhini,ortholog_one2one,95.3766,95.3766,100,100,1
ENSG00000181378,ENSG00000181378.14,ENST00000413871,ENST00000413871.1,ENSMNEG00000037521,CFAP65,Catarrhini,ortholog_one2one,95.3766,95.3766,100,100,1
ENSG00000181378,ENSG00000181378.14,ENST00000462848,ENST00000462848.5,ENSMNEG00000037521,CFAP65,Catarrhini,ortholog_one2one,95.3766,95.3766,100,100,1
ENSG00000181378,ENSG00000181378.14,ENST00000474601,ENST00000474601.1,ENSMNEG00000037521,CFAP65,Catarrhini,ortholog_one2one,95.3766,95.3766,100,100,1
ENSG00000181378,ENSG00000181378.14,ENST00000441968,ENST00000441968.5,ENSMNEG00000037521,CFAP65,Catarrhini,ortholog_one2one,95.3766,95.3766,100,100,1
ENSG00000181378,ENSG00000181378.14,ENST00000463683,ENST00000463683.1,ENSMNEG00000037521,CFAP65,Catarrhini,ortholog_one2one,95.3766,95.3766,100,100,1
ENSG00000181378,ENSG00000181378.14,ENST00000409865,ENST00000409865.7,ENSMNEG00000037521,CFAP65,Catarrhini,ortholog_one2one,95.3766,95.3766,100,100,1
ENSG00000181378,ENSG00000181378.14,ENST00000410037,ENST00000410037.5,ENSMNEG00000037521,CFAP65,Catarrhini,ortholog_one2one,95.3766,95.3766,100,100,1
ENSG00000181378,ENSG00000181378.14,ENST00000457968,ENST00000457968.5,ENSMNEG00000037521,CFAP65,Catarrhini,ortholog_one2one,95.3766,95.3766,100,100,1
ENSG00000181378,ENSG00000181378.14,ENST00000436631,ENST00000436631.5,ENSMNEG00000037521,CFAP65,Catarrhini,ortholog_one2one,95.3766,95.3766,100,100,1
ENSG00000181378,ENSG00000181378.14,ENST00000295729,ENST00000295729.6,ENSMNEG00000037521,CFAP65,Catarrhini,ortholog_one2one,95.3766,95.3766,100,100,1
ENSG00000181378,ENSG00000181378.14,ENST00000458526,ENST00000458526.1,ENSMNEG00000037521,CFAP65,Catarrhini,ortholog_one2one,95.3766,95.3766,100,100,1
ENSG00000183833,ENSG00000183833.16,ENST00000468630,ENST00000468630.5,ENSMNEG00000006506,,Catarrhini,ortholog_one2many,96.7405,96.7405,100,100,1
ENSG00000183833,ENSG00000183833.16,ENST00000273390,ENST00000273390.9,ENSMNEG00000006506,,Catarrhini,ortholog_one2many,96.7405,96.7405,100,100,1
ENSG00000183833,ENSG00000183833.16,ENST00000482573,ENST00000482573.5,ENSMNEG00000006506,,Catarrhini,ortholog_one2many,96.7405,96.7405,100,100,1
ENSG00000183833,ENSG00000183833.16,ENST00000463700,ENST00000463700.1,ENSMNEG00000006506,,Catarrhini,ortholog_one2many,96.7405,96.7405,100,100,1
ENSG00000183833,ENSG00000183833.16,ENST00000482927,ENST00000482927.5,ENSMNEG00000006506,,Catarrhini,ortholog_one2many,96.7405,96.7405,100,100,1
ENSG00000183833,ENSG00000183833.16,ENST00000488533,ENST00000488533.5,ENSMNEG00000006506,,Catarrhini,ortholog_one2many,96.7405,96.7405,100,100,1
ENSG00000183833,ENSG00000183833.16,ENST00000469659,ENST00000469659.5,ENSMNEG00000006506,,Catarrhini,ortholog_one2many,96.7405,96.7405,100,100,1
ENSG00000183833,ENSG00000183833.16,ENST00000475093,ENST00000475093.5,ENSMNEG00000006506,,Catarrhini,ortholog_one2many,96.7405,96.7405,100,100,1
ENSG00000183833,ENSG00000183833.16,ENST00000483134,ENST00000483134.5,ENSMNEG00000006506,,Catarrhini,ortholog_one2many,96.7405,96.7405,100,100,1
ENSG00000183833,ENSG00000183833.16,ENST00000498167,ENST00000498167.1,ENSMNEG00000006506,,Catarrhini,ortholog_one2many,96.7405,96.7405,100,100,1
ENSG00000183833,ENSG00000183833.16,ENST00000461322,ENST00000461322.1,ENSMNEG00000006506,,Catarrhini,ortholog_one2many,96.7405,96.7405,100,100,1
ENSG00000183833,ENSG00000183833.16,ENST00000470948,ENST00000470948.5,ENSMNEG00000006506,,Catarrhini,ortholog_one2many,96.7405,96.7405,100,100,1
ENSG00000183833,ENSG00000183833.16,ENST00000482995,ENST00000482995.5,ENSMNEG00000006506,,Catarrhini,ortholog_one2many,96.7405,96.7405,100,100,1
ENSG00000183833,ENSG00000183833.16,ENST00000472117,ENST00000472117.5,ENSMNEG00000006506,,Catarrhini,ortholog_one2many,96.7405,96.7405,100,100,1
ENSG00000183833,ENSG00000183833.16,ENST00000496010,ENST00000496010.5,ENSMNEG00000006506,,Catarrhini,ortholog_one2many,96.7405,96.7405,100,100,1
ENSG00000183833,ENSG00000183833.16,ENST00000475543,ENST00000475543.1,ENSMNEG00000006506,,Catarrhini,ortholog_one2many,96.7405,96.7405,100,100,1
ENSG00000183914,ENSG00000183914.14,ENST00000572933,ENST00000572933.5,ENSMNEG00000033625,DNAH2,Catarrhini,ortholog_one2one,95.4145,95.9782,100,99.65,1
ENSG00000183914,ENSG00000183914.14,ENST00000570791,ENST00000570791.5,ENSMNEG00000033625,DNAH2,Catarrhini,ortholog_one2one,95.4145,95.9782,100,99.65,1
ENSG00000183914,ENSG00000183914.14,ENST00000389173,ENST00000389173.6,ENSMNEG00000033625,DNAH2,Catarrhini,ortholog_one2one,95.4145,95.9782,100,99.65,1
ENSG00000183914,ENSG00000183914.14,ENST00000575498,ENST00000575498.1,ENSMNEG00000033625,DNAH2,Catarrhini,ortholog_one2one,95.4145,95.9782,100,99.65,1
ENSG00000183914,ENSG00000183914.14,ENST00000574518,ENST00000574518.1,ENSMNEG00000033625,DNAH2,Catarrhini,ortholog_one2one,95.4145,95.9782,100,99.65,1
ENSG00000183914,ENSG00000183914.14,ENST00000575105,ENST00000575105.1,ENSMNEG00000033625,DNAH2,Catarrhini,ortholog_one2one,95.4145,95.9782,100,99.65,1
ENSG00000187535,ENSG00000187535.14,ENST00000361339,ENST00000361339.9,ENSMNEG00000001208,IFT140,Catarrhini,ortholog_one2one,95.6908,94.8475,100,99.45,1
ENSG00000187535,ENSG00000187535.14,ENST00000426508,ENST00000426508.7,ENSMNEG00000001208,IFT140,Catarrhini,ortholog_one2one,95.6908,94.8475,100,99.45,1
ENSG00000187535,ENSG00000187535.14,ENST00000565298,ENST00000565298.5,ENSMNEG00000001208,IFT140,Catarrhini,ortholog_one2one,95.6908,94.8475,100,99.45,1
ENSG00000187535,ENSG00000187535.14,ENST00000397417,ENST00000397417.6,ENSMNEG00000001208,IFT140,Catarrhini,ortholog_one2one,95.6908,94.8475,100,99.45,1
ENSG00000187535,ENSG00000187535.14,ENST00000568837,ENST00000568837.1,ENSMNEG00000001208,IFT140,Catarrhini,ortholog_one2one,95.6908,94.8475,100,99.45,1
ENSG00000187535,ENSG00000187535.14,ENST00000566818,ENST00000566818.1,ENSMNEG00000001208,IFT140,Catarrhini,ortholog_one2one,95.6908,94.8475,100,99.45,1
ENSG00000187535,ENSG00000187535.14,ENST00000439987,ENST00000439987.6,ENSMNEG00000001208,IFT140,Catarrhini,ortholog_one2one,95.6908,94.8475,100,99.45,1
ENSG00000187535,ENSG00000187535.14,ENST00000561954,ENST00000561954.1,ENSMNEG00000001208,IFT140,Catarrhini,ortholog_one2one,95.6908,94.8475,100,99.45,1
ENSG00000187535,ENSG00000187535.14,ENST00000566052,ENST00000566052.1,ENSMNEG00000001208,IFT140,Catarrhini,ortholog_one2one,95.6908,94.8475,100,99.45,1
ENSG00000187535,ENSG00000187535.14,ENST00000569646,ENST00000569646.5,ENSMNEG00000001208,IFT140,Catarrhini,ortholog_one2one,95.6908,94.8475,100,99.45,1
ENSG00000187535,ENSG00000187535.14,ENST00000569812,ENST00000569812.1,ENSMNEG00000001208,IFT140,Catarrhini,ortholog_one2one,95.6908,94.8475,100,99.45,1
ENSG00000187726,ENSG00000187726.9,ENST00000535730,ENST00000535730.1,ENSMNEG00000033658,DNAJB13,Catarrhini,ortholog_one2one,81.962,98.4791,100,98.58,1
ENSG00000187726,ENSG00000187726.9,ENST00000339764,ENST00000339764.6,ENSMNEG00000033658,DNAJB13,Catarrhini,ortholog_one2one,81.962,98.4791,100,98.58,1
ENSG00000187726,ENSG00000187726.9,ENST00000537753,ENST00000537753.5,ENSMNEG00000033658,DNAJB13,Catarrhini,ortholog_one2one,81.962,98.4791,100,98.58,1
ENSG00000187726,ENSG00000187726.9,ENST00000542350,ENST00000542350.5,ENSMNEG00000033658,DNAJB13,Catarrhini,ortholog_one2one,81.962,98.4791,100,98.58,1
ENSG00000187726,ENSG00000187726.9,ENST00000543947,ENST00000543947.1,ENSMNEG00000033658,DNAJB13,Catarrhini,ortholog_one2one,81.962,98.4791,100,98.58,1
ENSG00000187775,ENSG00000187775.17,ENST00000591369,ENST00000591369.5,ENSMNEG00000040035,DNAH17,Catarrhini,ortholog_one2one,92.0215,94.4342,100,99.66,1
ENSG00000187775,ENSG00000187775.17,ENST00000389840,ENST00000389840.7,ENSMNEG00000040035,DNAH17,Catarrhini,ortholog_one2one,92.0215,94.4342,100,99.66,1
ENSG00000187775,ENSG00000187775.17,ENST00000590227,ENST00000590227.5,ENSMNEG00000040035,DNAH17,Catarrhini,ortholog_one2one,92.0215,94.4342,100,99.66,1
ENSG00000187775,ENSG00000187775.17,ENST00000586052,ENST00000586052.5,ENSMNEG00000040035,DNAH17,Catarrhini,ortholog_one2one,92.0215,94.4342,100,99.66,1
ENSG00000187775,ENSG00000187775.17,ENST00000591647,ENST00000591647.1,ENSMNEG00000040035,DNAH17,Catarrhini,ortholog_one2one,92.0215,94.4342,100,99.66,1
ENSG00000187775,ENSG00000187775.17,ENST00000586850,ENST00000586850.1,ENSMNEG00000040035,DNAH17,Catarrhini,ortholog_one2one,92.0215,94.4342,100,99.66,1
ENSG00000187775,ENSG00000187775.17,ENST00000592192,ENST00000592192.2,ENSMNEG00000040035,DNAH17,Catarrhini,ortholog_one2one,92.0215,94.4342,100,99.66,1
ENSG00000187775,ENSG00000187775.17,ENST00000592152,ENST00000592152.1,ENSMNEG00000040035,DNAH17,Catarrhini,ortholog_one2one,92.0215,94.4342,100,99.66,1
ENSG00000187775,ENSG00000187775.17,ENST00000587177,ENST00000587177.1,ENSMNEG00000040035,DNAH17,Catarrhini,ortholog_one2one,92.0215,94.4342,100,99.66,1
ENSG00000187775,ENSG00000187775.17,ENST00000589793,ENST00000589793.1,ENSMNEG00000040035,DNAH17,Catarrhini,ortholog_one2one,92.0215,94.4342,100,99.66,1
ENSG00000188738,ENSG00000188738.15,ENST00000424728,ENST00000424728.6,ENSMNEG00000044635,FSIP2,Catarrhini,ortholog_one2one,92.6017,92.6419,75,100,1
ENSG00000188738,ENSG00000188738.15,ENST00000465275,ENST00000465275.1,ENSMNEG00000044635,FSIP2,Catarrhini,ortholog_one2one,92.6017,92.6419,75,100,1
ENSG00000188738,ENSG00000188738.15,ENST00000469367,ENST00000469367.1,ENSMNEG00000044635,FSIP2,Catarrhini,ortholog_one2one,92.6017,92.6419,75,100,1
ENSG00000188738,ENSG00000188738.15,ENST00000429412,ENST00000429412.1,ENSMNEG00000044635,FSIP2,Catarrhini,ortholog_one2one,92.6017,92.6419,75,100,1
ENSG00000188738,ENSG00000188738.15,ENST00000415915,ENST00000415915.5,ENSMNEG00000044635,FSIP2,Catarrhini,ortholog_one2one,92.6017,92.6419,75,100,1
ENSG00000188738,ENSG00000188738.15,ENST00000611759,ENST00000611759.1,ENSMNEG00000044635,FSIP2,Catarrhini,ortholog_one2one,92.6017,92.6419,75,100,1
ENSG00000197748,ENSG00000197748.13,ENST00000357060,ENST00000357060.8,ENSMNEG00000041229,CFAP43,Catarrhini,ortholog_one2one,94.4144,94.3577,100,100,1
ENSG00000197748,ENSG00000197748.13,ENST00000457071,ENST00000457071.5,ENSMNEG00000041229,CFAP43,Catarrhini,ortholog_one2one,94.4144,94.3577,100,100,1
ENSG00000197748,ENSG00000197748.13,ENST00000434629,ENST00000434629.5,ENSMNEG00000041229,CFAP43,Catarrhini,ortholog_one2one,94.4144,94.3577,100,100,1
ENSG00000197748,ENSG00000197748.13,ENST00000479392,ENST00000479392.1,ENSMNEG00000041229,CFAP43,Catarrhini,ortholog_one2one,94.4144,94.3577,100,100,1
ENSG00000197748,ENSG00000197748.13,ENST00000278064,ENST00000278064.7,ENSMNEG00000041229,CFAP43,Catarrhini,ortholog_one2one,94.4144,94.3577,100,100,1
ENSG00000197748,ENSG00000197748.13,ENST00000369720,ENST00000369720.6,ENSMNEG00000041229,CFAP43,Catarrhini,ortholog_one2one,94.4144,94.3577,100,100,1
ENSG00000197748,ENSG00000197748.13,ENST00000369719,ENST00000369719.2,ENSMNEG00000041229,CFAP43,Catarrhini,ortholog_one2one,94.4144,94.3577,100,100,1
ENSG00000206530,ENSG00000206530.11,ENST00000489244,ENST00000489244.1,ENSMNEG00000042919,CFAP44,Catarrhini,ortholog_one2one,95.5232,95.5747,100,100,1
ENSG00000206530,ENSG00000206530.11,ENST00000393845,ENST00000393845.9,ENSMNEG00000042919,CFAP44,Catarrhini,ortholog_one2one,95.5232,95.5747,100,100,1
ENSG00000206530,ENSG00000206530.11,ENST00000461734,ENST00000461734.1,ENSMNEG00000042919,CFAP44,Catarrhini,ortholog_one2one,95.5232,95.5747,100,100,1
ENSG00000206530,ENSG00000206530.11,ENST00000484923,ENST00000484923.1,ENSMNEG00000042919,CFAP44,Catarrhini,ortholog_one2one,95.5232,95.5747,100,100,1
ENSG00000206530,ENSG00000206530.11,ENST00000465510,ENST00000465510.1,ENSMNEG00000042919,CFAP44,Catarrhini,ortholog_one2one,95.5232,95.5747,100,100,1
ENSG00000206530,ENSG00000206530.11,ENST00000490481,ENST00000490481.1,ENSMNEG00000042919,CFAP44,Catarrhini,ortholog_one2one,95.5232,95.5747,100,100,1
ENSG00000206530,ENSG00000206530.11,ENST00000488854,ENST00000488854.6,ENSMNEG00000042919,CFAP44,Catarrhini,ortholog_one2one,95.5232,95.5747,100,100,1
ENSG00000206530,ENSG00000206530.11,ENST00000295868,ENST00000295868.6,ENSMNEG00000042919,CFAP44,Catarrhini,ortholog_one2one,95.5232,95.5747,100,100,1
ENSG00000206530,ENSG00000206530.11,ENST00000475568,ENST00000475568.1,ENSMNEG00000042919,CFAP44,Catarrhini,ortholog_one2one,95.5232,95.5747,100,100,1
ENSG00000206530,ENSG00000206530.11,ENST00000465186,ENST00000465186.1,ENSMNEG00000042919,CFAP44,Catarrhini,ortholog_one2one,95.5232,95.5747,100,100,1
ENSG00000206530,ENSG00000206530.11,ENST00000489938,ENST00000489938.2,ENSMNEG00000042919,CFAP44,Catarrhini,ortholog_one2one,95.5232,95.5747,100,100,1
ENSG00000206530,ENSG00000206530.11,ENST00000479422,ENST00000479422.1,ENSMNEG00000042919,CFAP44,Catarrhini,ortholog_one2one,95.5232,95.5747,100,100,1
ENSG00000206530,ENSG00000206530.11,ENST00000473143,ENST00000473143.1,ENSMNEG00000042919,CFAP44,Catarrhini,ortholog_one2one,95.5232,95.5747,100,100,1
ENSG00000256061,ENSG00000256061.7,ENST00000524160,ENST00000524160.5,ENSMNEG00000032117,DNAAF4,Catarrhini,ortholog_one2one,83.0952,81.5421,100,100,1
ENSG00000256061,ENSG00000256061.7,ENST00000448430,ENST00000448430.6,ENSMNEG00000032117,DNAAF4,Catarrhini,ortholog_one2one,83.0952,81.5421,100,100,1
ENSG00000256061,ENSG00000256061.7,ENST00000457155,ENST00000457155.6,ENSMNEG00000032117,DNAAF4,Catarrhini,ortholog_one2one,83.0952,81.5421,100,100,1
ENSG00000256061,ENSG00000256061.7,ENST00000321149,ENST00000321149.7,ENSMNEG00000032117,DNAAF4,Catarrhini,ortholog_one2one,83.0952,81.5421,100,100,1
ENSG00000256061,ENSG00000256061.7,ENST00000522437,ENST00000522437.1,ENSMNEG00000032117,DNAAF4,Catarrhini,ortholog_one2one,83.0952,81.5421,100,100,1
ENSG00000256061,ENSG00000256061.7,ENST00000519017,ENST00000519017.1,ENSMNEG00000032117,DNAAF4,Catarrhini,ortholog_one2one,83.0952,81.5421,100,100,1
ENSG00000256061,ENSG00000256061.7,ENST00000348518,ENST00000348518.4,ENSMNEG00000032117,DNAAF4,Catarrhini,ortholog_one2one,83.0952,81.5421,100,100,1
ENSG00000270765,ENSG00000270765.7,ENST00000604641,ENST00000604641.6,ENSMNEG00000039828,GAS2L2,Catarrhini,ortholog_one2one,90.5682,90.6712,75,100,1
